CREATE DATABASE  IF NOT EXISTS `elevador` /*!40100 DEFAULT CHARACTER SET utf8mb4 COLLATE utf8mb4_0900_ai_ci */ /*!80016 DEFAULT ENCRYPTION='N' */;
USE `elevador`;
-- MySQL dump 10.13  Distrib 8.0.31, for Win64 (x86_64)
--
-- Host: localhost    Database: elevador
-- ------------------------------------------------------
-- Server version	8.0.31

/*!40101 SET @OLD_CHARACTER_SET_CLIENT=@@CHARACTER_SET_CLIENT */;
/*!40101 SET @OLD_CHARACTER_SET_RESULTS=@@CHARACTER_SET_RESULTS */;
/*!40101 SET @OLD_COLLATION_CONNECTION=@@COLLATION_CONNECTION */;
/*!50503 SET NAMES utf8 */;
/*!40103 SET @OLD_TIME_ZONE=@@TIME_ZONE */;
/*!40103 SET TIME_ZONE='+00:00' */;
/*!40014 SET @OLD_UNIQUE_CHECKS=@@UNIQUE_CHECKS, UNIQUE_CHECKS=0 */;
/*!40014 SET @OLD_FOREIGN_KEY_CHECKS=@@FOREIGN_KEY_CHECKS, FOREIGN_KEY_CHECKS=0 */;
/*!40101 SET @OLD_SQL_MODE=@@SQL_MODE, SQL_MODE='NO_AUTO_VALUE_ON_ZERO' */;
/*!40111 SET @OLD_SQL_NOTES=@@SQL_NOTES, SQL_NOTES=0 */;

--
-- Table structure for table `ingreso`
--

DROP TABLE IF EXISTS `ingreso`;
/*!40101 SET @saved_cs_client     = @@character_set_client */;
/*!50503 SET character_set_client = utf8mb4 */;
CREATE TABLE `ingreso` (
  `Inicio` varchar(45) NOT NULL,
  `Hora` datetime NOT NULL,
  `idIngreso` int NOT NULL AUTO_INCREMENT,
  `Operador_idOperador` int NOT NULL,
  PRIMARY KEY (`idIngreso`),
  KEY `fk_ingreso_Operador_idx` (`Operador_idOperador`),
  CONSTRAINT `fk_ingreso_Operador` FOREIGN KEY (`Operador_idOperador`) REFERENCES `operador` (`idOperador`)
) ENGINE=InnoDB AUTO_INCREMENT=66 DEFAULT CHARSET=utf8mb4 COLLATE=utf8mb4_0900_ai_ci;
/*!40101 SET character_set_client = @saved_cs_client */;

--
-- Dumping data for table `ingreso`
--

LOCK TABLES `ingreso` WRITE;
/*!40000 ALTER TABLE `ingreso` DISABLE KEYS */;
INSERT INTO `ingreso` VALUES ('SI','2023-04-26 10:33:09',1,2),('NO','2023-04-26 10:33:16',2,2),('SI','2023-04-26 13:12:24',3,1),('NO','2023-04-26 13:12:52',4,1),('SI','2023-04-26 14:23:43',5,1),('NO','2023-04-26 14:23:53',6,1),('SI','2023-04-26 19:42:25',7,1),('NO','2023-04-26 19:42:32',8,1),('SI','2023-04-26 19:43:04',9,2),('NO','2023-04-26 19:43:12',10,2),('SI','2023-04-26 19:51:07',11,1),('NO','2023-04-26 19:51:17',12,1),('SI','2023-04-26 20:00:42',13,1),('NO','2023-04-26 20:00:53',14,1),('SI','2023-04-26 20:04:05',15,2),('SI','2023-04-26 20:05:24',16,2),('NO','2023-04-26 20:05:31',17,2),('SI','2023-04-26 23:15:06',18,1),('NO','2023-04-26 23:15:24',19,1),('SI','2023-04-26 23:24:08',20,1),('NO','2023-04-26 23:25:09',21,1),('SI','2023-04-27 09:05:37',22,1),('NO','2023-04-27 09:08:08',23,1),('SI','2023-04-29 00:33:45',24,1),('NO','2023-04-29 00:33:46',25,1),('SI','2023-04-29 00:36:13',26,1),('NO','2023-04-29 00:36:14',27,1),('SI','2023-04-29 00:43:07',28,1),('SI','2023-04-29 00:45:50',29,1),('NO','2023-04-29 00:45:50',30,1),('SI','2023-04-29 00:52:24',31,1),('NO','2023-04-29 00:52:25',32,1),('SI','2023-04-29 00:57:45',33,1),('NO','2023-04-29 00:57:45',34,1),('SI','2023-04-29 22:24:46',35,1),('NO','2023-04-29 22:24:47',36,1),('SI','2023-05-02 00:30:51',37,1),('NO','2023-05-02 00:30:51',38,1),('SI','2023-05-07 13:02:33',39,1),('SI','2023-05-07 13:04:36',40,1),('SI','2023-05-07 13:08:48',41,1),('SI','2023-05-07 13:10:12',42,1),('SI','2023-05-07 13:35:06',43,1),('SI','2023-05-07 13:38:30',44,1),('SI','2023-05-07 13:39:10',45,1),('NO','2023-05-07 13:39:11',46,1),('SI','2023-05-08 21:05:35',47,2),('NO','2023-05-08 21:05:35',48,2),('SI','2023-05-23 21:58:04',49,1),('NO','2023-05-23 21:58:05',50,1),('SI','2023-05-23 22:09:48',51,1),('NO','2023-05-23 22:09:49',52,1),('SI','2023-05-23 22:11:06',53,1),('NO','2023-05-23 22:11:07',54,1),('SI','2023-05-24 17:38:31',55,1),('SI','2023-05-24 17:41:41',56,1),('SI','2023-05-24 17:48:40',57,1),('NO','2023-05-24 17:48:40',58,1),('SI','2023-05-24 17:57:05',59,1),('SI','2023-05-24 18:24:20',60,1),('SI','2023-05-24 18:24:50',61,1),('SI','2023-05-24 18:25:08',62,1),('SI','2023-05-24 18:25:41',63,1),('SI','2023-05-24 18:30:44',64,1),('NO','2023-05-24 18:30:44',65,1);
/*!40000 ALTER TABLE `ingreso` ENABLE KEYS */;
UNLOCK TABLES;

--
-- Table structure for table `operador`
--

DROP TABLE IF EXISTS `operador`;
/*!40101 SET @saved_cs_client     = @@character_set_client */;
/*!50503 SET character_set_client = utf8mb4 */;
CREATE TABLE `operador` (
  `idOperador` int NOT NULL AUTO_INCREMENT,
  `Nombre` varchar(45) NOT NULL,
  `Contrasena` varchar(30) NOT NULL,
  PRIMARY KEY (`idOperador`)
) ENGINE=InnoDB AUTO_INCREMENT=7 DEFAULT CHARSET=utf8mb4 COLLATE=utf8mb4_0900_ai_ci;
/*!40101 SET character_set_client = @saved_cs_client */;

--
-- Dumping data for table `operador`
--

LOCK TABLES `operador` WRITE;
/*!40000 ALTER TABLE `operador` DISABLE KEYS */;
INSERT INTO `operador` VALUES (1,'Esteban','1234'),(2,'Hector','1234');
/*!40000 ALTER TABLE `operador` ENABLE KEYS */;
UNLOCK TABLES;

--
-- Table structure for table `posicion`
--

DROP TABLE IF EXISTS `posicion`;
/*!40101 SET @saved_cs_client     = @@character_set_client */;
/*!50503 SET character_set_client = utf8mb4 */;
CREATE TABLE `posicion` (
  `idPosicion` int NOT NULL AUTO_INCREMENT,
  `Piso` varchar(45) NOT NULL,
  `Hora` varchar(45) NOT NULL,
  `Puerta` varchar(45) NOT NULL,
  `Distancia` varchar(45) NOT NULL,
  `Operador_idOperador` int NOT NULL,
  PRIMARY KEY (`idPosicion`),
  KEY `fk_Posicion_Operador_idx` (`Operador_idOperador`),
  CONSTRAINT `fk_Posicion_Operador` FOREIGN KEY (`Operador_idOperador`) REFERENCES `operador` (`idOperador`)
) ENGINE=InnoDB AUTO_INCREMENT=1272 DEFAULT CHARSET=utf8mb4 COLLATE=utf8mb4_0900_ai_ci;
/*!40101 SET character_set_client = @saved_cs_client */;

--
-- Dumping data for table `posicion`
--

LOCK TABLES `posicion` WRITE;
/*!40000 ALTER TABLE `posicion` DISABLE KEYS */;
INSERT INTO `posicion` VALUES (1,'PLANTA BAJA','2023-04-29 22:24:53','ABIERTA','3cm',1),(2,'PLANTA BAJA','2023-04-29 22:24:53','ABIERTA','3cm',1),(3,'PLANTA BAJA','2023-04-29 22:24:53','ABIERTA','3cm',1),(4,'PLANTA BAJA','2023-04-29 22:24:54','ABIERTA','3cm',1),(5,'PLANTA BAJA','2023-04-29 22:24:54','ABIERTA','3cm',1),(6,'PLANTA BAJA','2023-04-29 22:24:54','ABIERTA','3cm',1),(7,'PLANTA BAJA','2023-04-29 22:24:55','ABIERTA','3cm',1),(8,'PLANTA BAJA','2023-04-29 22:24:55','ABIERTA','3cm',1),(9,'PLANTA BAJA','2023-04-29 22:24:55','ABIERTA','3cm',1),(10,'PLANTA BAJA','2023-04-29 22:24:56','ABIERTA','3cm',1),(11,'PLANTA BAJA','2023-04-29 22:24:56','ABIERTA','3cm',1),(12,'PLANTA BAJA','2023-04-29 22:24:57','ABIERTA','3cm',1),(13,'PLANTA BAJA','2023-04-29 22:24:57','ABIERTA','3cm',1),(14,'PLANTA BAJA','2023-04-29 22:24:57','ABIERTA','3cm',1),(15,'PLANTA BAJA','2023-04-29 22:24:58','ABIERTA','3cm',1),(16,'PLANTA BAJA','2023-04-29 22:24:58','ABIERTA','3cm',1),(17,'PLANTA BAJA','2023-04-29 22:24:58','ABIERTA','3cm',1),(18,'SUBIENDO','2023-04-29 22:24:59','CERRADA','3cm',1),(19,'SUBIENDO','2023-04-29 22:25:00','CERRADA','4cm',1),(20,'SUBIENDO','2023-04-29 22:25:01','CERRADA','5cm',1),(21,'SUBIENDO','2023-04-29 22:25:02','CERRADA','5cm',1),(22,'SUBIENDO','2023-04-29 22:25:03','CERRADA','5cm',1),(23,'SUBIENDO','2023-04-29 22:25:05','CERRADA','7cm',1),(24,'SUBIENDO','2023-04-29 22:25:06','CERRADA','7cm',1),(25,'SUBIENDO','2023-04-29 22:25:07','CERRADA','8cm',1),(26,'SUBIENDO','2023-04-29 22:25:08','CERRADA','8cm',1),(27,'SUBIENDO','2023-04-29 22:25:10','CERRADA','9cm',1),(28,'PISO 1','2023-04-29 22:25:11','ABIERTA','10cm',1),(29,'PISO 1','2023-04-29 22:25:11','ABIERTA','10cm',1),(30,'PISO 1','2023-04-29 22:25:11','ABIERTA','10cm',1),(31,'PISO 1','2023-04-29 22:25:12','ABIERTA','10cm',1),(32,'PISO 1','2023-04-29 22:25:12','ABIERTA','10cm',1),(33,'PISO 1','2023-04-29 22:25:13','ABIERTA','10cm',1),(34,'PISO 1','2023-04-29 22:25:13','ABIERTA','10cm',1),(35,'PISO 1','2023-04-29 22:25:13','ABIERTA','10cm',1),(36,'PISO 1','2023-04-29 22:25:14','ABIERTA','10cm',1),(37,'PISO 1','2023-04-29 22:25:14','ABIERTA','10cm',1),(38,'PISO 1','2023-04-29 22:25:14','ABIERTA','10cm',1),(39,'PISO 1','2023-04-29 22:25:15','ABIERTA','10cm',1),(40,'PISO 1','2023-04-29 22:25:15','ABIERTA','10cm',1),(41,'PISO 1','2023-04-29 22:25:15','ABIERTA','10cm',1),(42,'PISO 1','2023-04-29 22:25:16','ABIERTA','10cm',1),(43,'PISO 1','2023-04-29 22:25:16','ABIERTA','10cm',1),(44,'PISO 1','2023-04-29 22:25:16','ABIERTA','10cm',1),(45,'PISO 1','2023-04-29 22:25:17','ABIERTA','10cm',1),(46,'BAJANDO','2023-04-29 22:25:17','CERRADA','10c',1),(47,'BAJANDO','2023-04-29 22:25:18','CERRADA','9cm',1),(48,'BAJANDO','2023-04-29 22:25:19','CERRADA','9cm',1),(49,'BAJANDO','2023-04-29 22:25:21','CERRADA','8cm',1),(50,'BAJANDO','2023-04-29 22:25:22','CERRADA','7cm',1),(51,'BAJANDO','2023-04-29 22:25:23','CERRADA','6cm',1),(52,'BAJANDO','2023-04-29 22:25:24','CERRADA','6cm',1),(53,'BAJANDO','2023-04-29 22:25:25','CERRADA','5cm',1),(54,'BAJANDO','2023-04-29 22:25:27','CERRADA','5cm',1),(55,'BAJANDO','2023-04-29 22:25:28','CERRADA','4cm',1),(56,'PLANTA BAJA','2023-04-29 22:25:29','ABIERTA','3cm',1),(57,'PLANTA BAJA','2023-04-29 22:25:30','ABIERTA','3cm',1),(58,'PLANTA BAJA','2023-04-29 22:25:30','ABIERTA','3cm',1),(59,'PLANTA BAJA','2023-04-29 22:25:30','ABIERTA','3cm',1),(60,'PLANTA BAJA','2023-04-29 22:25:31','ABIERTA','3cm',1),(61,'PLANTA BAJA','2023-04-29 22:25:31','ABIERTA','3cm',1),(62,'PLANTA BAJA','2023-04-29 22:25:31','ABIERTA','3cm',1),(63,'PLANTA BAJA','2023-04-29 22:25:32','ABIERTA','3cm',1),(64,'PLANTA BAJA','2023-04-29 22:25:32','ABIERTA','3cm',1),(65,'PLANTA BAJA','2023-04-29 22:25:32','ABIERTA','3cm',1),(66,'PLANTA BAJA','2023-04-29 22:25:33','ABIERTA','3cm',1),(67,'DETENIDO','2023-04-29 22:25:33','CERRADA','3cm',1),(68,'SUBIENDO','2023-04-29 22:25:42','CERRADA','3cm',1),(69,'SUBIENDO','2023-04-29 22:25:44','CERRADA','4cm',1),(70,'SUBIENDO','2023-04-29 22:25:47','CERRADA','5cm',1),(71,'SUBIENDO','2023-04-29 22:25:49','CERRADA','5cm',1),(72,'SUBIENDO','2023-04-29 22:25:51','CERRADA','5cm',1),(73,'SUBIENDO','2023-04-29 22:25:53','CERRADA','7cm',1),(74,'SUBIENDO','2023-04-29 22:25:55','CERRADA','7cm',1),(75,'SUBIENDO','2023-04-29 22:25:58','CERRADA','8cm',1),(76,'SUBIENDO','2023-04-29 22:26:00','CERRADA','8cm',1),(77,'SUBIENDO','2023-04-29 22:26:02','CERRADA','9cm',1),(78,'PISO 1','2023-04-29 22:26:04','ABIERTA','10cm',1),(79,'PISO 1','2023-04-29 22:26:06','ABIERTA','10cm',1),(80,'PISO 1','2023-04-29 22:26:07','ABIERTA','10cm',1),(81,'PISO 1','2023-04-29 22:26:08','ABIERTA','10cm',1),(82,'PISO 1','2023-04-29 22:26:10','ABIERTA','10cm',1),(83,'PISO 1','2023-04-29 22:26:11','ABIERTA','10cm',1),(84,'PISO 1','2023-04-29 22:26:12','ABIERTA','10cm',1),(85,'PISO 1','2023-04-29 22:26:14','ABIERTA','10cm',1),(86,'DETENIDO','2023-04-29 22:26:14','CERRADA','10cm',1),(87,'CONTINUA','2023-04-29 22:26:17','CERRADA','10cm',1),(88,'BAJANDO','2023-04-29 22:26:22','CERRADA','10c',1),(89,'BAJANDO','2023-04-29 22:26:23','CERRADA','9cm',1),(90,'BAJANDO','2023-04-29 22:26:25','CERRADA','8cm',1),(91,'BAJANDO','2023-04-29 22:26:26','CERRADA','8cm',1),(92,'BAJANDO','2023-04-29 22:26:27','CERRADA','7cm',1),(93,'BAJANDO','2023-04-29 22:26:28','CERRADA','7cm',1),(94,'BAJANDO','2023-04-29 22:26:30','CERRADA','6cm',1),(95,'BAJANDO','2023-04-29 22:26:31','CERRADA','5cm',1),(96,'BAJANDO','2023-04-29 22:26:32','CERRADA','5cm',1),(97,'BAJANDO','2023-04-29 22:26:33','CERRADA','4cm',1),(98,'PLANTA BAJA','2023-04-29 22:26:34','ABIERTA','3cm',1),(99,'PLANTA BAJA','2023-04-29 22:26:35','ABIERTA','3cm',1),(100,'PLANTA BAJA','2023-04-29 22:26:35','ABIERTA','3cm',1),(101,'PLANTA BAJA','2023-04-29 22:26:36','ABIERTA','3cm',1),(102,'PLANTA BAJA','2023-05-02 00:30:56','ABIERTA','3cm',1),(103,'PLANTA BAJA','2023-05-02 00:30:56','ABIERTA','3cm',1),(104,'PLANTA BAJA','2023-05-02 00:30:56','ABIERTA','3cm',1),(105,'PLANTA BAJA','2023-05-02 00:30:57','ABIERTA','3cm',1),(106,'PLANTA BAJA','2023-05-02 00:30:57','ABIERTA','3cm',1),(107,'PLANTA BAJA','2023-05-02 00:30:57','ABIERTA','3cm',1),(108,'PLANTA BAJA','2023-05-02 00:30:58','ABIERTA','3cm',1),(109,'PLANTA BAJA','2023-05-02 00:30:58','ABIERTA','3cm',1),(110,'PLANTA BAJA','2023-05-02 00:30:58','ABIERTA','3cm',1),(111,'PLANTA BAJA','2023-05-02 00:30:59','ABIERTA','3cm',1),(112,'PLANTA BAJA','2023-05-02 00:30:59','ABIERTA','3cm',1),(113,'PLANTA BAJA','2023-05-02 00:30:59','ABIERTA','3cm',1),(114,'PLANTA BAJA','2023-05-02 00:31:00','ABIERTA','3cm',1),(115,'PLANTA BAJA','2023-05-02 00:31:00','ABIERTA','3cm',1),(116,'PLANTA BAJA','2023-05-02 00:31:00','ABIERTA','3cm',1),(117,'PLANTA BAJA','2023-05-02 00:31:01','ABIERTA','3cm',1),(118,'PLANTA BAJA','2023-05-02 00:31:01','ABIERTA','3cm',1),(119,'PLANTA BAJA','2023-05-02 00:31:02','ABIERTA','3cm',1),(120,'PLANTA BAJA','2023-05-02 00:31:02','ABIERTA','3cm',1),(121,'PLANTA BAJA','2023-05-02 00:31:02','ABIERTA','3cm',1),(122,'PLANTA BAJA','2023-05-02 00:31:03','ABIERTA','3cm',1),(123,'PLANTA BAJA','2023-05-02 00:31:03','ABIERTA','3cm',1),(124,'SUBIENDO','2023-05-02 00:31:03','CERRADA','3cm',1),(125,'SUBIENDO','2023-05-02 00:31:04','CERRADA','4cm',1),(126,'SUBIENDO','2023-05-02 00:31:06','CERRADA','5cm',1),(127,'SUBIENDO','2023-05-02 00:31:07','CERRADA','5cm',1),(128,'SUBIENDO','2023-05-02 00:31:08','CERRADA','6cm',1),(129,'SUBIENDO','2023-05-02 00:31:09','CERRADA','7cm',1),(130,'SUBIENDO','2023-05-02 00:31:11','CERRADA','7cm',1),(131,'SUBIENDO','2023-05-02 00:31:12','CERRADA','8cm',1),(132,'SUBIENDO','2023-05-02 00:31:13','CERRADA','8cm',1),(133,'SUBIENDO','2023-05-02 00:31:14','CERRADA','9cm',1),(134,'PISO 1','2023-05-02 00:31:15','ABIERTA','10cm',1),(135,'PISO 1','2023-05-02 00:31:16','ABIERTA','10cm',1),(136,'PISO 1','2023-05-02 00:31:16','ABIERTA','10cm',1),(137,'PISO 1','2023-05-02 00:31:17','ABIERTA','10cm',1),(138,'PISO 1','2023-05-02 00:31:17','ABIERTA','10cm',1),(139,'PISO 1','2023-05-02 00:31:17','ABIERTA','10cm',1),(140,'PISO 1','2023-05-02 00:31:18','ABIERTA','10cm',1),(141,'PISO 1','2023-05-02 00:31:18','ABIERTA','10cm',1),(142,'PISO 1','2023-05-02 00:31:18','ABIERTA','10cm',1),(143,'PISO 1','2023-05-02 00:31:19','ABIERTA','10cm',1),(144,'PISO 1','2023-05-02 00:31:19','ABIERTA','10cm',1),(145,'PISO 1','2023-05-02 00:31:19','ABIERTA','10cm',1),(146,'PISO 1','2023-05-02 00:31:20','ABIERTA','10cm',1),(147,'PISO 1','2023-05-02 00:31:20','ABIERTA','10cm',1),(148,'BAJANDO','2023-05-02 00:31:20','CERRADA','10c',1),(149,'BAJANDO','2023-05-02 00:31:21','CERRADA','9cm',1),(150,'BAJANDO','2023-05-02 00:31:23','CERRADA','9cm',1),(151,'BAJANDO','2023-05-02 00:31:24','CERRADA','8cm',1),(152,'BAJANDO','2023-05-02 00:31:25','CERRADA','7cm',1),(153,'BAJANDO','2023-05-02 00:31:26','CERRADA','6cm',1),(154,'BAJANDO','2023-05-02 00:31:28','CERRADA','6cm',1),(155,'BAJANDO','2023-05-02 00:31:29','CERRADA','5cm',1),(156,'BAJANDO','2023-05-02 00:31:30','CERRADA','5cm',1),(157,'BAJANDO','2023-05-02 00:31:31','CERRADA','4cm',1),(158,'PLANTA BAJA','2023-05-02 00:31:32','ABIERTA','3cm',1),(159,'PLANTA BAJA','2023-05-02 00:31:33','ABIERTA','3cm',1),(160,'PLANTA BAJA','2023-05-02 00:31:33','ABIERTA','3cm',1),(161,'PLANTA BAJA','2023-05-02 00:31:34','ABIERTA','3cm',1),(162,'PLANTA BAJA','2023-05-02 00:31:34','ABIERTA','3cm',1),(163,'PLANTA BAJA','2023-05-02 00:31:34','ABIERTA','3cm',1),(164,'PLANTA BAJA','2023-05-02 00:31:35','ABIERTA','3cm',1),(165,'PLANTA BAJA','2023-05-02 00:31:35','ABIERTA','3cm',1),(166,'PLANTA BAJA','2023-05-02 00:31:35','ABIERTA','3cm',1),(167,'PLANTA BAJA','2023-05-02 00:31:36','ABIERTA','3cm',1),(168,'PLANTA BAJA','2023-05-02 00:31:36','ABIERTA','3cm',1),(169,'BAJANDO','2023-05-07 13:04:43','CERRADA','7cm',1),(170,'BAJANDO','2023-05-07 13:04:45','CERRADA','6cm',1),(171,'BAJANDO','2023-05-07 13:04:46','CERRADA','5cm',1),(172,'BAJANDO','2023-05-07 13:04:47','CERRADA','5cm',1),(173,'BAJANDO','2023-05-07 13:04:48','CERRADA','4cm',1),(174,'BAJANDO','2023-05-07 13:04:49','CERRADA','4cm',1),(175,'PLANTA BAJA','2023-05-07 13:04:51','ABIERTA','3cm',1),(176,'PLANTA BAJA','2023-05-07 13:04:51','ABIERTA','3cm',1),(177,'SUBIENDO','2023-05-07 13:04:51','CERRADA','2cm',1),(178,'PLANTA BAJA','2023-05-07 13:04:53','ABIERTA','3cm',1),(179,'PLANTA BAJA','2023-05-07 13:04:53','ABIERTA','3cm',1),(180,'PLANTA BAJA','2023-05-07 13:04:53','ABIERTA','3cm',1),(181,'PLANTA BAJA','2023-05-07 13:04:54','ABIERTA','3cm',1),(182,'PLANTA BAJA','2023-05-07 13:04:54','ABIERTA','3cm',1),(183,'PLANTA BAJA','2023-05-07 13:04:54','ABIERTA','3cm',1),(184,'PLANTA BAJA','2023-05-07 13:04:55','ABIERTA','3cm',1),(185,'PLANTA BAJA','2023-05-07 13:04:55','ABIERTA','3cm',1),(186,'PLANTA BAJA','2023-05-07 13:04:55','ABIERTA','3cm',1),(187,'PLANTA BAJA','2023-05-07 13:04:56','ABIERTA','3cm',1),(188,'PLANTA BAJA','2023-05-07 13:04:56','ABIERTA','3cm',1),(189,'PLANTA BAJA','2023-05-07 13:04:56','ABIERTA','3cm',1),(190,'PLANTA BAJA','2023-05-07 13:04:57','ABIERTA','3cm',1),(191,'PLANTA BAJA','2023-05-07 13:04:58','ABIERTA','3cm',1),(192,'PLANTA BAJA','2023-05-07 13:04:58','ABIERTA','3cm',1),(193,'PLANTA BAJA','2023-05-07 13:04:58','ABIERTA','3cm',1),(194,'PLANTA BAJA','2023-05-07 13:04:58','ABIERTA','3cm',1),(195,'PLANTA BAJA','2023-05-07 13:04:59','ABIERTA','3cm',1),(196,'PLANTA BAJA','2023-05-07 13:04:59','ABIERTA','3cm',1),(197,'PLANTA BAJA','2023-05-07 13:04:59','ABIERTA','3cm',1),(198,'PLANTA BAJA','2023-05-07 13:05:00','ABIERTA','3cm',1),(199,'PLANTA BAJA','2023-05-07 13:05:00','ABIERTA','3cm',1),(200,'PLANTA BAJA','2023-05-07 13:05:00','ABIERTA','3cm',1),(201,'PLANTA BAJA','2023-05-07 13:05:02','ABIERTA','3cm',1),(202,'PLANTA BAJA','2023-05-07 13:05:03','ABIERTA','3cm',1),(203,'PLANTA BAJA','2023-05-07 13:05:04','ABIERTA','3cm',1),(204,'PLANTA BAJA','2023-05-07 13:05:05','ABIERTA','3cm',1),(205,'PLANTA BAJA','2023-05-07 13:05:06','ABIERTA','3cm',1),(206,'PLANTA BAJA','2023-05-07 13:05:07','ABIERTA','3cm',1),(207,'PLANTA BAJA','2023-05-07 13:05:09','ABIERTA','3cm',1),(208,'PLANTA BAJA','2023-05-07 13:05:10','ABIERTA','3cm',1),(209,'PLANTA BAJA','2023-05-07 13:05:11','ABIERTA','3cm',1),(210,'PLANTA BAJA','2023-05-07 13:05:13','ABIERTA','3cm',1),(211,'PLANTA BAJA','2023-05-07 13:05:14','ABIERTA','3cm',1),(212,'PLANTA BAJA','2023-05-07 13:05:16','ABIERTA','3cm',1),(213,'PLANTA BAJA','2023-05-07 13:05:17','ABIERTA','3cm',1),(214,'PLANTA BAJA','2023-05-07 13:05:19','ABIERTA','3cm',1),(215,'PLANTA BAJA','2023-05-07 13:05:20','ABIERTA','3cm',1),(216,'PLANTA BAJA','2023-05-07 13:09:07','ABIERTA','3cm',1),(217,'PLANTA BAJA','2023-05-07 13:09:07','ABIERTA','3cm',1),(218,'PLANTA BAJA','2023-05-07 13:09:08','ABIERTA','3cm',1),(219,'PLANTA BAJA','2023-05-07 13:09:08','ABIERTA','3cm',1),(220,'PLANTA BAJA','2023-05-07 13:09:09','ABIERTA','3cm',1),(221,'PLANTA BAJA','2023-05-07 13:09:09','ABIERTA','3cm',1),(222,'PLANTA BAJA','2023-05-07 13:09:09','ABIERTA','3cm',1),(223,'PLANTA BAJA','2023-05-07 13:09:10','ABIERTA','3cm',1),(224,'PLANTA BAJA','2023-05-07 13:09:10','ABIERTA','3cm',1),(225,'PLANTA BAJA','2023-05-07 13:09:10','ABIERTA','3cm',1),(226,'PLANTA BAJA','2023-05-07 13:09:11','ABIERTA','3cm',1),(227,'PLANTA BAJA','2023-05-07 13:09:11','ABIERTA','3cm',1),(228,'DETENIDO','2023-05-07 13:09:11','CERRADA','3cm',1),(229,'DETENIDO','2023-05-07 13:09:12','CERRADA','3cm',1),(230,'PLANTA BAJA','2023-05-07 13:10:17','ABIERTA','3cm',1),(231,'PLANTA BAJA','2023-05-07 13:10:18','ABIERTA','3cm',1),(232,'PLANTA BAJA','2023-05-07 13:10:18','ABIERTA','3cm',1),(233,'PLANTA BAJA','2023-05-07 13:10:18','ABIERTA','3cm',1),(234,'PLANTA BAJA','2023-05-07 13:10:19','ABIERTA','3cm',1),(235,'PLANTA BAJA','2023-05-07 13:10:19','ABIERTA','3cm',1),(236,'DETENIDO','2023-05-07 13:10:19','CERRADA','3cm',1),(237,'BAJANDO','2023-05-07 13:35:12','CERRADA','5cm',1),(238,'BAJANDO','2023-05-07 13:35:13','CERRADA','5cm',1),(239,'BAJANDO','2023-05-07 13:35:14','CERRADA','4cm',1),(240,'PLANTA BAJA','2023-05-07 13:35:15','ABIERTA','3cm',1),(241,'PLANTA BAJA','2023-05-07 13:35:16','ABIERTA','3cm',1),(242,'PLANTA BAJA','2023-05-07 13:35:16','ABIERTA','3cm',1),(243,'PLANTA BAJA','2023-05-07 13:35:16','ABIERTA','3cm',1),(244,'PLANTA BAJA','2023-05-07 13:35:17','ABIERTA','3cm',1),(245,'PLANTA BAJA','2023-05-07 13:35:17','ABIERTA','3cm',1),(246,'PLANTA BAJA','2023-05-07 13:35:17','ABIERTA','3cm',1),(247,'DETENIDO','2023-05-07 13:35:18','CERRADA','3cm',1),(248,'DETENIDO','2023-05-07 13:35:19','CERRADA','3cm',1),(249,'SUBIENDO','2023-05-07 13:35:30','CERRADA','3cm',1),(250,'SUBIENDO','2023-05-07 13:35:31','CERRADA','3cm',1),(251,'SUBIENDO','2023-05-07 13:35:32','CERRADA','3cm',1),(252,'SUBIENDO','2023-05-07 13:35:33','CERRADA','4cm',1),(253,'SUBIENDO','2023-05-07 13:35:34','CERRADA','4cm',1),(254,'SUBIENDO','2023-05-07 13:35:35','CERRADA','4cm',1),(255,'SUBIENDO','2023-05-07 13:35:37','CERRADA','4cm',1),(256,'BAJANDO','2023-05-07 13:35:39','CERRADA','4cm',1),(257,'BAJANDO','2023-05-07 13:35:40','CERRADA','4cm',1),(258,'BAJANDO','2023-05-07 13:35:41','CERRADA','4cm',1),(259,'BAJANDO','2023-05-07 13:35:42','CERRADA','3cm',1),(260,'BAJANDO','2023-05-07 13:35:43','CERRADA','4cm',1),(261,'BAJANDO','2023-05-07 13:35:44','CERRADA','4cm',1),(262,'BAJANDO','2023-05-07 13:35:45','CERRADA','3cm',1),(263,'SUBIENDO','2023-05-07 13:35:49','CERRADA','3cm',1),(264,'SUBIENDO','2023-05-07 13:35:50','CERRADA','3cm',1),(265,'SUBIENDO','2023-05-07 13:35:51','CERRADA','3cm',1),(266,'SUBIENDO','2023-05-07 13:35:52','CERRADA','4cm',1),(267,'SUBIENDO','2023-05-07 13:35:53','CERRADA','4cm',1),(268,'SUBIENDO','2023-05-07 13:35:54','CERRADA','3cm',1),(269,'SUBIENDO','2023-05-07 13:35:56','CERRADA','4cm',1),(270,'BAJANDO','2023-05-07 13:35:58','CERRADA','4cm',1),(271,'BAJANDO','2023-05-07 13:35:59','CERRADA','4cm',1),(272,'BAJANDO','2023-05-07 13:36:01','CERRADA','4cm',1),(273,'BAJANDO','2023-05-07 13:36:02','CERRADA','3cm',1),(274,'BAJANDO','2023-05-07 13:36:03','CERRADA','4cm',1),(275,'BAJANDO','2023-05-07 13:36:04','CERRADA','4cm',1),(276,'BAJANDO','2023-05-07 13:36:05','CERRADA','3cm',1),(277,'BAJANDO','2023-05-07 13:36:06','CERRADA','3cm',1),(278,'SUBIENDO','2023-05-07 13:36:08','CERRADA','3cm',1),(279,'SUBIENDO','2023-05-07 13:36:09','CERRADA','3cm',1),(280,'SUBIENDO','2023-05-07 13:36:23','CERRADA','3cm',1),(281,'SUBIENDO','2023-05-07 13:36:25','CERRADA','4cm',1),(282,'SUBIENDO','2023-05-07 13:36:28','CERRADA','5cm',1),(283,'SUBIENDO','2023-05-07 13:36:30','CERRADA','5cm',1),(284,'SUBIENDO','2023-05-07 13:36:32','CERRADA','6cm',1),(285,'SUBIENDO','2023-05-07 13:36:34','CERRADA','6cm',1),(286,'SUBIENDO','2023-05-07 13:36:36','CERRADA','7cm',1),(287,'SUBIENDO','2023-05-07 13:36:39','CERRADA','8cm',1),(288,'SUBIENDO','2023-05-07 13:36:41','CERRADA','8cm',1),(289,'SUBIENDO','2023-05-07 13:36:43','CERRADA','9cm',1),(290,'SUBIENDO','2023-05-07 13:36:45','CERRADA','9cm',1),(291,'PISO 1','2023-05-07 13:36:48','ABIERTA','10cm',1),(292,'BAJANDO','2023-05-07 13:36:49','CERRADA','11c',1),(293,'PISO 1','2023-05-07 13:36:51','ABIERTA','10cm',1),(294,'PISO 1','2023-05-07 13:36:53','ABIERTA','10cm',1),(295,'BAJANDO','2023-05-07 13:36:59','CERRADA','9cm',1),(296,'BAJANDO','2023-05-07 13:37:00','CERRADA','9cm',1),(297,'BAJANDO','2023-05-07 13:37:01','CERRADA','9cm',1),(298,'BAJANDO','2023-05-07 13:37:02','CERRADA','9cm',1),(299,'BAJANDO','2023-05-07 13:37:04','CERRADA','9cm',1),(300,'BAJANDO','2023-05-07 13:37:04','CERRADA','9cm',1),(301,'BAJANDO','2023-05-07 13:37:05','CERRADA','8cm',1),(302,'CONTINUA','2023-05-07 13:37:15','CERRADA','8cm',1),(303,'SUBIENDO','2023-05-07 13:37:16','CERRADA','8cm',1),(304,'SUBIENDO','2023-05-07 13:37:17','CERRADA','9cm',1),(305,'PISO 1','2023-05-07 13:37:19','ABIERTA','10cm',1),(306,'PISO 1','2023-05-07 13:37:19','ABIERTA','10cm',1),(307,'PISO 1','2023-05-07 13:37:19','ABIERTA','10cm',1),(308,'PISO 1','2023-05-07 13:37:20','ABIERTA','10cm',1),(309,'PISO 1','2023-05-07 13:37:20','ABIERTA','10cm',1),(310,'PISO 1','2023-05-07 13:37:20','ABIERTA','10cm',1),(311,'PISO 1','2023-05-07 13:37:21','ABIERTA','10cm',1),(312,'PLANTA BAJA','2023-05-08 21:05:42','ABIERTA','3cm',2),(313,'PLANTA BAJA','2023-05-08 21:05:42','ABIERTA','3cm',2),(314,'PLANTA BAJA','2023-05-08 21:05:42','ABIERTA','3cm',2),(315,'PLANTA BAJA','2023-05-08 21:05:43','ABIERTA','3cm',2),(316,'PLANTA BAJA','2023-05-08 21:05:43','ABIERTA','3cm',2),(317,'PLANTA BAJA','2023-05-08 21:05:43','ABIERTA','3cm',2),(318,'PLANTA BAJA','2023-05-08 21:05:44','ABIERTA','3cm',2),(319,'PLANTA BAJA','2023-05-08 21:05:44','ABIERTA','3cm',2),(320,'PLANTA BAJA','2023-05-08 21:05:45','ABIERTA','3cm',2),(321,'PLANTA BAJA','2023-05-08 21:05:45','ABIERTA','3cm',2),(322,'PLANTA BAJA','2023-05-08 21:05:45','ABIERTA','3cm',2),(323,'PLANTA BAJA','2023-05-08 21:05:46','ABIERTA','3cm',2),(324,'PLANTA BAJA','2023-05-08 21:05:46','ABIERTA','3cm',2),(325,'PLANTA BAJA','2023-05-08 21:05:46','ABIERTA','3cm',2),(326,'PLANTA BAJA','2023-05-08 21:05:47','ABIERTA','3cm',2),(327,'PLANTA BAJA','2023-05-08 21:05:47','ABIERTA','3cm',2),(328,'PLANTA BAJA','2023-05-08 21:05:47','ABIERTA','3cm',2),(329,'PLANTA BAJA','2023-05-08 21:05:48','ABIERTA','3cm',2),(330,'PLANTA BAJA','2023-05-08 21:05:48','ABIERTA','3cm',2),(331,'PLANTA BAJA','2023-05-08 21:05:48','ABIERTA','3cm',2),(332,'PLANTA BAJA','2023-05-08 21:05:49','ABIERTA','3cm',2),(333,'PLANTA BAJA','2023-05-08 21:05:49','ABIERTA','3cm',2),(334,'PLANTA BAJA','2023-05-08 21:05:49','ABIERTA','3cm',2),(335,'PLANTA BAJA','2023-05-08 21:05:50','ABIERTA','3cm',2),(336,'PLANTA BAJA','2023-05-08 21:05:50','ABIERTA','3cm',2),(337,'PLANTA BAJA','2023-05-08 21:05:51','ABIERTA','3cm',2),(338,'PLANTA BAJA','2023-05-08 21:05:51','ABIERTA','3cm',2),(339,'PLANTA BAJA','2023-05-08 21:05:51','ABIERTA','3cm',2),(340,'PLANTA BAJA','2023-05-08 21:05:52','ABIERTA','3cm',2),(341,'PLANTA BAJA','2023-05-08 21:05:52','ABIERTA','3cm',2),(342,'PLANTA BAJA','2023-05-08 21:05:52','ABIERTA','3cm',2),(343,'PLANTA BAJA','2023-05-08 21:05:53','ABIERTA','3cm',2),(344,'PLANTA BAJA','2023-05-08 21:05:53','ABIERTA','3cm',2),(345,'PLANTA BAJA','2023-05-08 21:05:53','ABIERTA','3cm',2),(346,'PLANTA BAJA','2023-05-08 21:05:54','ABIERTA','3cm',2),(347,'PLANTA BAJA','2023-05-08 21:05:54','ABIERTA','3cm',2),(348,'PLANTA BAJA','2023-05-08 21:05:54','ABIERTA','3cm',2),(349,'PLANTA BAJA','2023-05-08 21:05:55','ABIERTA','3cm',2),(350,'PLANTA BAJA','2023-05-08 21:05:55','ABIERTA','3cm',2),(351,'PLANTA BAJA','2023-05-08 21:05:55','ABIERTA','3cm',2),(352,'PLANTA BAJA','2023-05-08 21:05:56','ABIERTA','3cm',2),(353,'PLANTA BAJA','2023-05-08 21:05:56','ABIERTA','3cm',2),(354,'PLANTA BAJA','2023-05-08 21:05:57','ABIERTA','3cm',2),(355,'PLANTA BAJA','2023-05-08 21:05:57','ABIERTA','3cm',2),(356,'PLANTA BAJA','2023-05-08 21:05:57','ABIERTA','3cm',2),(357,'PLANTA BAJA','2023-05-08 21:05:58','ABIERTA','3cm',2),(358,'PLANTA BAJA','2023-05-08 21:05:58','ABIERTA','3cm',2),(359,'PLANTA BAJA','2023-05-08 21:05:58','ABIERTA','3cm',2),(360,'PLANTA BAJA','2023-05-08 21:05:59','ABIERTA','3cm',2),(361,'PLANTA BAJA','2023-05-08 21:05:59','ABIERTA','3cm',2),(362,'PLANTA BAJA','2023-05-08 21:05:59','ABIERTA','3cm',2),(363,'PLANTA BAJA','2023-05-08 21:06:00','ABIERTA','3cm',2),(364,'PLANTA BAJA','2023-05-08 21:06:00','ABIERTA','3cm',2),(365,'PLANTA BAJA','2023-05-08 21:06:00','ABIERTA','3cm',2),(366,'PLANTA BAJA','2023-05-08 21:06:01','ABIERTA','3cm',2),(367,'PLANTA BAJA','2023-05-08 21:06:01','ABIERTA','3cm',2),(368,'PLANTA BAJA','2023-05-08 21:06:02','ABIERTA','3cm',2),(369,'PLANTA BAJA','2023-05-08 21:06:02','ABIERTA','3cm',2),(370,'PLANTA BAJA','2023-05-08 21:06:02','ABIERTA','3cm',2),(371,'PLANTA BAJA','2023-05-08 21:06:03','ABIERTA','3cm',2),(372,'PLANTA BAJA','2023-05-08 21:06:03','ABIERTA','3cm',2),(373,'PLANTA BAJA','2023-05-08 21:06:03','ABIERTA','3cm',2),(374,'PLANTA BAJA','2023-05-08 21:06:04','ABIERTA','3cm',2),(375,'PLANTA BAJA','2023-05-08 21:06:04','ABIERTA','3cm',2),(376,'PLANTA BAJA','2023-05-08 21:06:04','ABIERTA','3cm',2),(377,'PLANTA BAJA','2023-05-08 21:06:05','ABIERTA','3cm',2),(378,'PLANTA BAJA','2023-05-08 21:06:05','ABIERTA','3cm',2),(379,'PLANTA BAJA','2023-05-08 21:06:05','ABIERTA','3cm',2),(380,'PLANTA BAJA','2023-05-08 21:06:06','ABIERTA','3cm',2),(381,'PLANTA BAJA','2023-05-08 21:06:06','ABIERTA','3cm',2),(382,'PLANTA BAJA','2023-05-08 21:06:06','ABIERTA','3cm',2),(383,'PLANTA BAJA','2023-05-08 21:06:07','ABIERTA','3cm',2),(384,'PLANTA BAJA','2023-05-08 21:06:07','ABIERTA','3cm',2),(385,'PLANTA BAJA','2023-05-08 21:06:07','ABIERTA','3cm',2),(386,'SUBIENDO','2023-05-08 21:06:08','CERRADA','3cm',2),(387,'SUBIENDO','2023-05-08 21:06:09','CERRADA','3cm',2),(388,'SUBIENDO','2023-05-08 21:06:10','CERRADA','4cm',2),(389,'SUBIENDO','2023-05-08 21:06:11','CERRADA','5cm',2),(390,'SUBIENDO','2023-05-08 21:06:13','CERRADA','5cm',2),(391,'SUBIENDO','2023-05-08 21:06:14','CERRADA','6cm',2),(392,'SUBIENDO','2023-05-08 21:06:15','CERRADA','6cm',2),(393,'SUBIENDO','2023-05-08 21:06:16','CERRADA','7cm',2),(394,'SUBIENDO','2023-05-08 21:06:18','CERRADA','8cm',2),(395,'SUBIENDO','2023-05-08 21:06:19','CERRADA','8cm',2),(396,'SUBIENDO','2023-05-08 21:06:20','CERRADA','9cm',2),(397,'PISO 1','2023-05-08 21:06:21','ABIERTA','10cm',2),(398,'PISO 1','2023-05-08 21:06:22','ABIERTA','10cm',2),(399,'PISO 1','2023-05-08 21:06:22','ABIERTA','10cm',2),(400,'PISO 1','2023-05-08 21:06:22','ABIERTA','10cm',2),(401,'PISO 1','2023-05-08 21:06:23','ABIERTA','10cm',2),(402,'PISO 1','2023-05-08 21:06:23','ABIERTA','10cm',2),(403,'PISO 1','2023-05-08 21:06:23','ABIERTA','10cm',2),(404,'PISO 1','2023-05-08 21:06:24','ABIERTA','10cm',2),(405,'PISO 1','2023-05-08 21:06:24','ABIERTA','10cm',2),(406,'PISO 1','2023-05-08 21:06:24','ABIERTA','10cm',2),(407,'PISO 1','2023-05-08 21:06:25','ABIERTA','10cm',2),(408,'PISO 1','2023-05-08 21:06:25','ABIERTA','10cm',2),(409,'PISO 1','2023-05-08 21:06:25','ABIERTA','10cm',2),(410,'PISO 1','2023-05-08 21:06:26','ABIERTA','10cm',2),(411,'DETENIDO','2023-05-08 21:06:26','CERRADA','10cm',2),(412,'DETENIDO','2023-05-08 21:06:27','CERRADA','10cm',2),(413,'BAJANDO','2023-05-08 21:06:42','CERRADA','10c',2),(414,'BAJANDO','2023-05-08 21:06:43','CERRADA','10c',2),(415,'BAJANDO','2023-05-08 21:06:44','CERRADA','10c',2),(416,'BAJANDO','2023-05-08 21:06:45','CERRADA','9cm',2),(417,'BAJANDO','2023-05-08 21:06:46','CERRADA','9cm',2),(418,'BAJANDO','2023-05-08 21:06:48','CERRADA','9cm',2),(419,'BAJANDO','2023-05-08 21:06:49','CERRADA','9cm',2),(420,'BAJANDO','2023-05-08 21:06:50','CERRADA','9cm',2),(421,'BAJANDO','2023-05-08 21:06:51','CERRADA','8cm',2),(422,'SUBIENDO','2023-05-08 21:06:53','CERRADA','8cm',2),(423,'SUBIENDO','2023-05-08 21:06:54','CERRADA','8cm',2),(424,'SUBIENDO','2023-05-08 21:06:55','CERRADA','8cm',2),(425,'SUBIENDO','2023-05-08 21:06:57','CERRADA','9cm',2),(426,'SUBIENDO','2023-05-08 21:06:58','CERRADA','9cm',2),(427,'BAJANDO','2023-05-08 21:06:59','CERRADA','9cm',2),(428,'BAJANDO','2023-05-08 21:07:00','CERRADA','8cm',2),(429,'BAJANDO','2023-05-08 21:07:01','CERRADA','9cm',2),(430,'BAJANDO','2023-05-08 21:07:02','CERRADA','8cm',2),(431,'BAJANDO','2023-05-08 21:07:03','CERRADA','8cm',2),(432,'BAJANDO','2023-05-08 21:07:04','CERRADA','8cm',2),(433,'BAJANDO','2023-05-08 21:07:06','CERRADA','8cm',2),(434,'BAJANDO','2023-05-08 21:07:07','CERRADA','8cm',2),(435,'BAJANDO','2023-05-08 21:07:08','CERRADA','8cm',2),(436,'BAJANDO','2023-05-08 21:07:09','CERRADA','7cm',2),(437,'SUBIENDO','2023-05-08 21:07:11','CERRADA','7cm',2),(438,'SUBIENDO','2023-05-08 21:07:12','CERRADA','7cm',2),(439,'SUBIENDO','2023-05-08 21:07:14','CERRADA','8cm',2),(440,'SUBIENDO','2023-05-08 21:07:15','CERRADA','8cm',2),(441,'SUBIENDO','2023-05-08 21:07:18','CERRADA','8cm',2),(442,'SUBIENDO','2023-05-08 21:07:19','CERRADA','8cm',2),(443,'SUBIENDO','2023-05-08 21:07:22','CERRADA','8cm',2),(444,'SUBIENDO','2023-05-08 21:07:24','CERRADA','8cm',2),(445,'SUBIENDO','2023-05-08 21:07:25','CERRADA','9cm',2),(446,'SUBIENDO','2023-05-08 21:07:26','CERRADA','8cm',2),(447,'SUBIENDO','2023-05-08 21:07:36','CERRADA','9cm',2),(448,'PISO 1','2023-05-08 21:07:39','ABIERTA','10cm',2),(449,'PISO 1','2023-05-08 21:07:40','ABIERTA','10cm',2),(450,'PISO 1','2023-05-08 21:07:41','ABIERTA','10cm',2),(451,'BAJANDO','2023-05-08 21:07:43','CERRADA','10c',2),(452,'BAJANDO','2023-05-08 21:07:45','CERRADA','9cm',2),(453,'BAJANDO','2023-05-08 21:07:47','CERRADA','8cm',2),(454,'BAJANDO','2023-05-08 21:07:49','CERRADA','8cm',2),(455,'BAJANDO','2023-05-08 21:07:51','CERRADA','7cm',2),(456,'BAJANDO','2023-05-08 21:07:54','CERRADA','6cm',2),(457,'BAJANDO','2023-05-08 21:07:56','CERRADA','6cm',2),(458,'BAJANDO','2023-05-08 21:07:58','CERRADA','5cm',2),(459,'BAJANDO','2023-05-08 21:08:00','CERRADA','4cm',2),(460,'BAJANDO','2023-05-08 21:08:03','CERRADA','4cm',2),(461,'BAJANDO','2023-05-08 21:08:05','CERRADA','4cm',2),(462,'PLANTA BAJA','2023-05-08 21:08:07','ABIERTA','3cm',2),(463,'PLANTA BAJA','2023-05-08 21:08:08','ABIERTA','3cm',2),(464,'PLANTA BAJA','2023-05-08 21:08:11','ABIERTA','3cm',2),(465,'CONTINUA','2023-05-08 21:08:17','CERRADA','3cm',2),(466,'PLANTA BAJA','2023-05-08 21:08:18','ABIERTA','3cm',2),(467,'PLANTA BAJA','2023-05-08 21:08:19','ABIERTA','3cm',2),(468,'PLANTA BAJA','2023-05-08 21:08:19','ABIERTA','3cm',2),(469,'PLANTA BAJA','2023-05-08 21:08:19','ABIERTA','3cm',2),(470,'PLANTA BAJA','2023-05-08 21:08:20','ABIERTA','3cm',2),(471,'PLANTA BAJA','2023-05-08 21:08:20','ABIERTA','3cm',2),(472,'SUBIENDO','2023-05-23 21:58:10','CERRADA','3cm',1),(473,'SUBIENDO','2023-05-23 21:58:11','CERRADA','4cm',1),(474,'SUBIENDO','2023-05-23 21:58:12','CERRADA','4cm',1),(475,'SUBIENDO','2023-05-23 21:58:14','CERRADA','5cm',1),(476,'SUBIENDO','2023-05-23 21:58:15','CERRADA','5cm',1),(477,'SUBIENDO','2023-05-23 21:58:16','CERRADA','6cm',1),(478,'SUBIENDO','2023-05-23 21:58:17','CERRADA','6cm',1),(479,'SUBIENDO','2023-05-23 21:58:19','CERRADA','7cm',1),(480,'SUBIENDO','2023-05-23 21:58:20','CERRADA','7cm',1),(481,'SUBIENDO','2023-05-23 21:58:21','CERRADA','8cm',1),(482,'SUBIENDO','2023-05-23 21:58:22','CERRADA','9cm',1),(483,'SUBIENDO','2023-05-23 21:58:23','CERRADA','9cm',1),(484,'BAJANDO','2023-05-23 21:58:25','CERRADA','11c',1),(485,'PISO 1','2023-05-23 21:58:26','ABIERTA','10cm',1),(486,'SUBIENDO','2023-05-23 21:58:26','CERRADA','9cm',1),(487,'PISO 1','2023-05-23 21:58:27','ABIERTA','10cm',1),(488,'BAJANDO','2023-05-23 21:58:28','CERRADA','11c',1),(489,'DETENIDO','2023-05-23 21:58:29','CERRADA','11cm',1),(490,'DETENIDO','2023-05-23 21:58:30','CERRADA','11cm',1),(491,'BAJANDO','2023-05-23 21:58:41','CERRADA','10c',1),(492,'BAJANDO','2023-05-23 21:58:43','CERRADA','9cm',1),(493,'BAJANDO','2023-05-23 21:58:46','CERRADA','8cm',1),(494,'BAJANDO','2023-05-23 21:58:48','CERRADA','8cm',1),(495,'BAJANDO','2023-05-23 21:58:50','CERRADA','7cm',1),(496,'BAJANDO','2023-05-23 21:58:52','CERRADA','6cm',1),(497,'BAJANDO','2023-05-23 21:58:55','CERRADA','6cm',1),(498,'BAJANDO','2023-05-23 21:58:57','CERRADA','5cm',1),(499,'BAJANDO','2023-05-23 21:58:59','CERRADA','5cm',1),(500,'BAJANDO','2023-05-23 21:59:01','CERRADA','4cm',1),(501,'BAJANDO','2023-05-23 21:59:03','CERRADA','4cm',1),(502,'PLANTA BAJA','2023-05-23 21:59:06','ABIERTA','3cm',1),(503,'PLANTA BAJA','2023-05-23 21:59:07','ABIERTA','3cm',1),(504,'PLANTA BAJA','2023-05-23 21:59:08','ABIERTA','3cm',1),(505,'PLANTA BAJA','2023-05-23 21:59:10','ABIERTA','3cm',1),(506,'PLANTA BAJA','2023-05-23 21:59:11','ABIERTA','3cm',1),(507,'PLANTA BAJA','2023-05-23 21:59:13','ABIERTA','3cm',1),(508,'SUBIENDO','2023-05-23 21:59:16','CERRADA','3cm',1),(509,'SUBIENDO','2023-05-23 21:59:17','CERRADA','3cm',1),(510,'SUBIENDO','2023-05-23 21:59:18','CERRADA','3cm',1),(511,'SUBIENDO','2023-05-23 21:59:19','CERRADA','3cm',1),(512,'SUBIENDO','2023-05-23 21:59:21','CERRADA','3cm',1),(513,'SUBIENDO','2023-05-23 21:59:22','CERRADA','3cm',1),(514,'SUBIENDO','2023-05-23 21:59:23','CERRADA','4cm',1),(515,'SUBIENDO','2023-05-23 21:59:24','CERRADA','4cm',1),(516,'SUBIENDO','2023-05-23 21:59:25','CERRADA','4cm',1),(517,'CONTINUA','2023-05-23 21:59:28','CERRADA','4cm',1),(518,'BAJANDO','2023-05-23 21:59:29','CERRADA','4cm',1),(519,'PLANTA BAJA','2023-05-23 21:59:31','ABIERTA','3cm',1),(520,'PLANTA BAJA','2023-05-23 21:59:31','ABIERTA','3cm',1),(521,'PLANTA BAJA','2023-05-23 21:59:31','ABIERTA','3cm',1),(522,'PLANTA BAJA','2023-05-23 21:59:32','ABIERTA','3cm',1),(523,'PLANTA BAJA','2023-05-23 21:59:32','ABIERTA','3cm',1),(524,'PLANTA BAJA','2023-05-23 21:59:32','ABIERTA','3cm',1),(525,'PLANTA BAJA','2023-05-23 21:59:33','ABIERTA','3cm',1),(526,'PLANTA BAJA','2023-05-23 21:59:33','ABIERTA','3cm',1),(527,'PLANTA BAJA','2023-05-23 21:59:33','ABIERTA','3cm',1),(528,'PLANTA BAJA','2023-05-23 21:59:34','ABIERTA','3cm',1),(529,'PLANTA BAJA','2023-05-23 21:59:34','ABIERTA','3cm',1),(530,'PLANTA BAJA','2023-05-23 21:59:34','ABIERTA','3cm',1),(531,'PLANTA BAJA','2023-05-23 21:59:35','ABIERTA','3cm',1),(532,'PLANTA BAJA','2023-05-23 21:59:35','ABIERTA','3cm',1),(533,'PLANTA BAJA','2023-05-23 21:59:35','ABIERTA','3cm',1),(534,'PLANTA BAJA','2023-05-23 21:59:36','ABIERTA','3cm',1),(535,'PLANTA BAJA','2023-05-23 21:59:36','ABIERTA','3cm',1),(536,'PLANTA BAJA','2023-05-24 17:41:48','ABIERTA','3cm',1),(537,'PLANTA BAJA','2023-05-24 17:41:48','ABIERTA','3cm',1),(538,'PLANTA BAJA','2023-05-24 17:41:49','ABIERTA','3cm',1),(539,'PLANTA BAJA','2023-05-24 17:41:49','ABIERTA','3cm',1),(540,'PLANTA BAJA','2023-05-24 17:41:49','ABIERTA','3cm',1),(541,'PLANTA BAJA','2023-05-24 17:41:50','ABIERTA','3cm',1),(542,'PLANTA BAJA','2023-05-24 17:41:50','ABIERTA','3cm',1),(543,'PLANTA BAJA','2023-05-24 17:41:50','ABIERTA','3cm',1),(544,'PLANTA BAJA','2023-05-24 17:41:51','ABIERTA','3cm',1),(545,'PLANTA BAJA','2023-05-24 17:41:51','ABIERTA','3cm',1),(546,'PLANTA BAJA','2023-05-24 17:41:51','ABIERTA','3cm',1),(547,'PLANTA BAJA','2023-05-24 17:41:52','ABIERTA','3cm',1),(548,'PLANTA BAJA','2023-05-24 17:41:52','ABIERTA','3cm',1),(549,'PLANTA BAJA','2023-05-24 17:41:53','ABIERTA','3cm',1),(550,'PLANTA BAJA','2023-05-24 17:41:53','ABIERTA','3cm',1),(551,'PLANTA BAJA','2023-05-24 17:41:53','ABIERTA','3cm',1),(552,'PLANTA BAJA','2023-05-24 17:41:54','ABIERTA','3cm',1),(553,'PLANTA BAJA','2023-05-24 17:41:54','ABIERTA','3cm',1),(554,'PLANTA BAJA','2023-05-24 17:41:54','ABIERTA','3cm',1),(555,'PLANTA BAJA','2023-05-24 17:41:55','ABIERTA','3cm',1),(556,'PLANTA BAJA','2023-05-24 17:41:55','ABIERTA','3cm',1),(557,'PLANTA BAJA','2023-05-24 17:41:55','ABIERTA','3cm',1),(558,'PLANTA BAJA','2023-05-24 17:41:56','ABIERTA','3cm',1),(559,'PLANTA BAJA','2023-05-24 17:41:56','ABIERTA','3cm',1),(560,'PLANTA BAJA','2023-05-24 17:41:56','ABIERTA','3cm',1),(561,'PLANTA BAJA','2023-05-24 17:41:57','ABIERTA','3cm',1),(562,'PLANTA BAJA','2023-05-24 17:41:57','ABIERTA','3cm',1),(563,'PLANTA BAJA','2023-05-24 17:41:58','ABIERTA','3cm',1),(564,'PLANTA BAJA','2023-05-24 17:41:58','ABIERTA','3cm',1),(565,'PLANTA BAJA','2023-05-24 17:41:58','ABIERTA','3cm',1),(566,'PLANTA BAJA','2023-05-24 17:41:59','ABIERTA','3cm',1),(567,'PLANTA BAJA','2023-05-24 17:41:59','ABIERTA','3cm',1),(568,'PLANTA BAJA','2023-05-24 17:41:59','ABIERTA','3cm',1),(569,'PLANTA BAJA','2023-05-24 17:42:00','ABIERTA','3cm',1),(570,'PLANTA BAJA','2023-05-24 17:42:00','ABIERTA','3cm',1),(571,'PLANTA BAJA','2023-05-24 17:42:00','ABIERTA','3cm',1),(572,'PLANTA BAJA','2023-05-24 17:42:01','ABIERTA','3cm',1),(573,'PLANTA BAJA','2023-05-24 17:42:01','ABIERTA','3cm',1),(574,'PLANTA BAJA','2023-05-24 17:42:01','ABIERTA','3cm',1),(575,'PLANTA BAJA','2023-05-24 17:42:02','ABIERTA','3cm',1),(576,'PLANTA BAJA','2023-05-24 17:42:02','ABIERTA','3cm',1),(577,'DETENIDO','2023-05-24 17:42:02','ABIERTA','3cm',1),(578,'DETENIDO','2023-05-24 17:42:03','ABIERTA','3cm',1),(579,'SUBIENDO','2023-05-24 17:42:09','CERRADA','3cm',1),(580,'SUBIENDO','2023-05-24 17:42:11','CERRADA','3cm',1),(581,'SUBIENDO','2023-05-24 17:42:14','CERRADA','4cm',1),(582,'SUBIENDO','2023-05-24 17:42:16','CERRADA','4cm',1),(583,'SUBIENDO','2023-05-24 17:42:18','CERRADA','5cm',1),(584,'SUBIENDO','2023-05-24 17:42:20','CERRADA','6cm',1),(585,'SUBIENDO','2023-05-24 17:42:22','CERRADA','6cm',1),(586,'SUBIENDO','2023-05-24 17:42:25','CERRADA','7cm',1),(587,'SUBIENDO','2023-05-24 17:42:27','CERRADA','8cm',1),(588,'SUBIENDO','2023-05-24 17:42:29','CERRADA','8cm',1),(589,'SUBIENDO','2023-05-24 17:42:31','CERRADA','9cm',1),(590,'PISO 1','2023-05-24 17:42:34','CERRADA','10cm',1),(591,'PISO 1','2023-05-24 17:42:35','CERRADA','10cm',1),(592,'PISO 1','2023-05-24 17:42:36','CERRADA','10cm',1),(593,'PISO 1','2023-05-24 17:42:38','CERRADA','10cm',1),(594,'PISO 1','2023-05-24 17:42:39','CERRADA','10cm',1),(595,'PISO 1','2023-05-24 17:42:40','CERRADA','10cm',1),(596,'PISO 1','2023-05-24 17:42:42','CERRADA','10cm',1),(597,'PISO 1','2023-05-24 17:42:52','CERRADA','10cm',1),(598,'PISO 1','2023-05-24 17:42:52','CERRADA','10cm',1),(599,'PISO 1','2023-05-24 17:42:52','CERRADA','10cm',1),(600,'PISO 1','2023-05-24 17:42:52','CERRADA','10cm',1),(601,'BAJANDO','2023-05-24 17:48:45','CERRADA','10c',1),(602,'BAJANDO','2023-05-24 17:48:46','CERRADA','9cm',1),(603,'BAJANDO','2023-05-24 17:48:47','CERRADA','8cm',1),(604,'BAJANDO','2023-05-24 17:48:49','CERRADA','8cm',1),(605,'BAJANDO','2023-05-24 17:48:50','CERRADA','7cm',1),(606,'BAJANDO','2023-05-24 17:48:51','CERRADA','6cm',1),(607,'BAJANDO','2023-05-24 17:48:52','CERRADA','6cm',1),(608,'BAJANDO','2023-05-24 17:48:53','CERRADA','5cm',1),(609,'BAJANDO','2023-05-24 17:48:55','CERRADA','5cm',1),(610,'BAJANDO','2023-05-24 17:48:56','CERRADA','4cm',1),(611,'BAJANDO','2023-05-24 17:48:57','CERRADA','4cm',1),(612,'PLANTA BAJA','2023-05-24 17:48:58','ABIERTA','3cm',1),(613,'PLANTA BAJA','2023-05-24 17:48:59','ABIERTA','3cm',1),(614,'PLANTA BAJA','2023-05-24 17:48:59','ABIERTA','3cm',1),(615,'PLANTA BAJA','2023-05-24 17:48:59','ABIERTA','3cm',1),(616,'PLANTA BAJA','2023-05-24 17:49:00','ABIERTA','3cm',1),(617,'PLANTA BAJA','2023-05-24 17:49:00','ABIERTA','3cm',1),(618,'PLANTA BAJA','2023-05-24 17:49:00','ABIERTA','3cm',1),(619,'PLANTA BAJA','2023-05-24 17:49:01','ABIERTA','3cm',1),(620,'PLANTA BAJA','2023-05-24 17:49:01','ABIERTA','3cm',1),(621,'PLANTA BAJA','2023-05-24 17:49:02','ABIERTA','3cm',1),(622,'PLANTA BAJA','2023-05-24 17:49:02','ABIERTA','3cm',1),(623,'PLANTA BAJA','2023-05-24 17:49:02','ABIERTA','3cm',1),(624,'PLANTA BAJA','2023-05-24 17:49:03','ABIERTA','3cm',1),(625,'PLANTA BAJA','2023-05-24 17:49:03','ABIERTA','3cm',1),(626,'DETENIDO','2023-05-24 17:49:03','ABIERTA','3cm',1),(627,'DETENIDO','2023-05-24 17:49:04','ABIERTA','3cm',1),(628,'CONTINUA','2023-05-24 17:49:20','CERRADA','3cm',1),(629,'SUBIENDO','2023-05-24 17:49:25','CERRADA','3cm',1),(630,'SUBIENDO','2023-05-24 17:49:26','CERRADA','3cm',1),(631,'SUBIENDO','2023-05-24 17:49:27','CERRADA','4cm',1),(632,'SUBIENDO','2023-05-24 17:49:28','CERRADA','4cm',1),(633,'SUBIENDO','2023-05-24 17:49:29','CERRADA','5cm',1),(634,'SUBIENDO','2023-05-24 17:49:31','CERRADA','6cm',1),(635,'SUBIENDO','2023-05-24 17:49:32','CERRADA','6cm',1),(636,'SUBIENDO','2023-05-24 17:49:33','CERRADA','7cm',1),(637,'SUBIENDO','2023-05-24 17:49:34','CERRADA','7cm',1),(638,'SUBIENDO','2023-05-24 17:49:36','CERRADA','8cm',1),(639,'SUBIENDO','2023-05-24 17:49:37','CERRADA','9cm',1),(640,'PISO 1','2023-05-24 17:49:38','ABIERTA','10cm',1),(641,'PISO 1','2023-05-24 17:49:38','ABIERTA','10cm',1),(642,'PISO 1','2023-05-24 17:49:39','ABIERTA','10cm',1),(643,'PISO 1','2023-05-24 17:49:39','ABIERTA','10cm',1),(644,'PISO 1','2023-05-24 17:49:39','ABIERTA','10cm',1),(645,'PISO 1','2023-05-24 17:49:40','ABIERTA','10cm',1),(646,'PISO 1','2023-05-24 17:49:40','ABIERTA','10cm',1),(647,'PISO 1','2023-05-24 17:49:40','ABIERTA','10cm',1),(648,'PISO 1','2023-05-24 17:49:41','ABIERTA','10cm',1),(649,'PISO 1','2023-05-24 17:49:41','ABIERTA','10cm',1),(650,'PISO 1','2023-05-24 17:49:42','ABIERTA','10cm',1),(651,'PISO 1','2023-05-24 17:49:42','ABIERTA','10cm',1),(652,'PISO 1','2023-05-24 17:49:42','ABIERTA','10cm',1),(653,'DETENIDO','2023-05-24 17:49:43','ABIERTA','10cm',1),(654,'DETENIDO','2023-05-24 17:49:44','ABIERTA','10cm',1),(655,'SUBIENDO','2023-05-24 17:50:00','CERRADA','10c',1),(656,'SUBIENDO','2023-05-24 17:50:01','CERRADA','10c',1),(657,'SUBIENDO','2023-05-24 17:50:02','CERRADA','10c',1),(658,'SUBIENDO','2023-05-24 17:50:04','CERRADA','10c',1),(659,'SUBIENDO','2023-05-24 17:50:04','CERRADA','11c',1),(660,'SUBIENDO','2023-05-24 17:50:05','CERRADA','11c',1),(661,'SUBIENDO','2023-05-24 17:50:06','CERRADA','11c',1),(662,'CONTINUA','2023-05-24 17:50:17','CERRADA','11cm',1),(663,'BAJANDO','2023-05-24 17:57:10','CERRADA','11c',1),(664,'BAJANDO','2023-05-24 17:57:11','CERRADA','10c',1),(665,'BAJANDO','2023-05-24 17:57:12','CERRADA','9cm',1),(666,'BAJANDO','2023-05-24 17:57:13','CERRADA','9cm',1),(667,'BAJANDO','2023-05-24 17:57:14','CERRADA','8cm',1),(668,'BAJANDO','2023-05-24 17:57:16','CERRADA','8cm',1),(669,'BAJANDO','2023-05-24 17:57:17','CERRADA','7cm',1),(670,'BAJANDO','2023-05-24 17:57:18','CERRADA','6cm',1),(671,'DETENIDO','2023-05-24 17:57:19','CERRADA','6cm',1),(672,'DETENIDO','2023-05-24 17:57:20','CERRADA','6cm',1),(673,'BAJANDO','2023-05-24 17:57:27','CERRADA','6cm',1),(674,'BAJANDO','2023-05-24 17:57:29','CERRADA','5cm',1),(675,'BAJANDO','2023-05-24 17:57:31','CERRADA','4cm',1),(676,'BAJANDO','2023-05-24 17:57:33','CERRADA','4cm',1),(677,'BAJANDO','2023-05-24 17:57:36','CERRADA','4cm',1),(678,'PLANTA BAJA','2023-05-24 17:57:38','CERRADA','3cm',1),(679,'PLANTA BAJA','2023-05-24 17:57:39','CERRADA','3cm',1),(680,'PLANTA BAJA','2023-05-24 17:57:41','CERRADA','3cm',1),(681,'PLANTA BAJA','2023-05-24 17:57:42','CERRADA','3cm',1),(682,'PLANTA BAJA','2023-05-24 17:57:43','CERRADA','3cm',1),(683,'PLANTA BAJA','2023-05-24 17:57:50','CERRADA','3cm',1),(684,'PLANTA BAJA','2023-05-24 17:57:50','CERRADA','3cm',1),(685,'PLANTA BAJA','2023-05-24 17:57:50','CERRADA','3cm',1),(686,'PLANTA BAJA','2023-05-24 17:57:50','CERRADA','3cm',1),(687,'PLANTA BAJA','2023-05-24 17:57:52','ABIERTA','3cm',1),(688,'PLANTA BAJA','2023-05-24 17:57:53','ABIERTA','3cm',1),(689,'PLANTA BAJA','2023-05-24 17:57:54','ABIERTA','3cm',1),(690,'PLANTA BAJA','2023-05-24 17:57:56','ABIERTA','3cm',1),(691,'PLANTA BAJA','2023-05-24 17:57:57','ABIERTA','3cm',1),(692,'PLANTA BAJA','2023-05-24 17:57:58','ABIERTA','3cm',1),(693,'PLANTA BAJA','2023-05-24 17:58:00','ABIERTA','3cm',1),(694,'BAJANDO','2023-05-24 17:58:16','CERRADA','4cm',1),(695,'BAJANDO','2023-05-24 17:58:17','CERRADA','3cm',1),(696,'BAJANDO','2023-05-24 17:58:18','CERRADA','2cm',1),(697,'BAJANDO','2023-05-24 17:58:19','CERRADA','3cm',1),(698,'BAJANDO','2023-05-24 17:58:20','CERRADA','2cm',1),(699,'SUBIENDO','2023-05-24 17:58:25','CERRADA','3cm',1),(700,'SUBIENDO','2023-05-24 17:58:26','CERRADA','3cm',1),(701,'SUBIENDO','2023-05-24 17:58:27','CERRADA','2cm',1),(702,'SUBIENDO','2023-05-24 17:58:28','CERRADA','2cm',1),(703,'SUBIENDO','2023-05-24 17:58:47','CERRADA','2cm',1),(704,'PLANTA BAJA','2023-05-24 17:58:49','CERRADA','3cm',1),(705,'PLANTA BAJA','2023-05-24 17:58:50','CERRADA','3cm',1),(706,'PLANTA BAJA','2023-05-24 17:58:52','CERRADA','3cm',1),(707,'PLANTA BAJA','2023-05-24 17:58:58','CERRADA','3cm',1),(708,'PLANTA BAJA','2023-05-24 17:58:58','CERRADA','3cm',1),(709,'PLANTA BAJA','2023-05-24 17:58:58','CERRADA','3cm',1),(710,'PLANTA BAJA','2023-05-24 17:58:59','CERRADA','3cm',1),(711,'PLANTA BAJA','2023-05-24 17:59:00','ABIERTA','3cm',1),(712,'PLANTA BAJA','2023-05-24 17:59:01','ABIERTA','3cm',1),(713,'PLANTA BAJA','2023-05-24 17:59:03','ABIERTA','3cm',1),(714,'PLANTA BAJA','2023-05-24 17:59:04','ABIERTA','3cm',1),(715,'PLANTA BAJA','2023-05-24 17:59:05','ABIERTA','3cm',1),(716,'PLANTA BAJA','2023-05-24 17:59:12','ABIERTA','3cm',1),(717,'PLANTA BAJA','2023-05-24 17:59:12','ABIERTA','3cm',1),(718,'PLANTA BAJA','2023-05-24 17:59:12','ABIERTA','3cm',1),(719,'PLANTA BAJA','2023-05-24 17:59:12','ABIERTA','3cm',1),(720,'CONTINUA','2023-05-24 17:59:12','CERRADA','3cm',1),(721,'PLANTA BAJA','2023-05-24 17:59:14','ABIERTA','3cm',1),(722,'PLANTA BAJA','2023-05-24 17:59:15','ABIERTA','3cm',1),(723,'PLANTA BAJA','2023-05-24 17:59:15','ABIERTA','3cm',1),(724,'PLANTA BAJA','2023-05-24 17:59:15','ABIERTA','3cm',1),(725,'PLANTA BAJA','2023-05-24 17:59:16','ABIERTA','3cm',1),(726,'PLANTA BAJA','2023-05-24 17:59:16','ABIERTA','3cm',1),(727,'PLANTA BAJA','2023-05-24 17:59:16','ABIERTA','3cm',1),(728,'PLANTA BAJA','2023-05-24 17:59:17','ABIERTA','3cm',1),(729,'PLANTA BAJA','2023-05-24 17:59:17','ABIERTA','3cm',1),(730,'PLANTA BAJA','2023-05-24 17:59:17','ABIERTA','3cm',1),(731,'PLANTA BAJA','2023-05-24 17:59:18','ABIERTA','3cm',1),(732,'PLANTA BAJA','2023-05-24 17:59:18','ABIERTA','3cm',1),(733,'PLANTA BAJA','2023-05-24 17:59:18','ABIERTA','3cm',1),(734,'PLANTA BAJA','2023-05-24 17:59:19','ABIERTA','3cm',1),(735,'PLANTA BAJA','2023-05-24 17:59:19','ABIERTA','3cm',1),(736,'PLANTA BAJA','2023-05-24 17:59:20','ABIERTA','3cm',1),(737,'PLANTA BAJA','2023-05-24 17:59:20','ABIERTA','3cm',1),(738,'PLANTA BAJA','2023-05-24 17:59:20','ABIERTA','3cm',1),(739,'PLANTA BAJA','2023-05-24 17:59:21','ABIERTA','3cm',1),(740,'PLANTA BAJA','2023-05-24 17:59:21','ABIERTA','3cm',1),(741,'PLANTA BAJA','2023-05-24 17:59:21','ABIERTA','3cm',1),(742,'PLANTA BAJA','2023-05-24 17:59:22','ABIERTA','3cm',1),(743,'PLANTA BAJA','2023-05-24 17:59:22','ABIERTA','3cm',1),(744,'PLANTA BAJA','2023-05-24 17:59:22','ABIERTA','3cm',1),(745,'PLANTA BAJA','2023-05-24 17:59:23','ABIERTA','3cm',1),(746,'PLANTA BAJA','2023-05-24 17:59:23','ABIERTA','3cm',1),(747,'PLANTA BAJA','2023-05-24 17:59:23','ABIERTA','3cm',1),(748,'PLANTA BAJA','2023-05-24 17:59:24','ABIERTA','3cm',1),(749,'PLANTA BAJA','2023-05-24 17:59:24','ABIERTA','3cm',1),(750,'PLANTA BAJA','2023-05-24 17:59:25','ABIERTA','3cm',1),(751,'PLANTA BAJA','2023-05-24 17:59:25','ABIERTA','3cm',1),(752,'PLANTA BAJA','2023-05-24 17:59:25','ABIERTA','3cm',1),(753,'PLANTA BAJA','2023-05-24 17:59:26','ABIERTA','3cm',1),(754,'PLANTA BAJA','2023-05-24 17:59:26','ABIERTA','3cm',1),(755,'PLANTA BAJA','2023-05-24 18:25:46','ABIERTA','3cm',1),(756,'PLANTA BAJA','2023-05-24 18:25:46','ABIERTA','3cm',1),(757,'PLANTA BAJA','2023-05-24 18:25:47','ABIERTA','3cm',1),(758,'PLANTA BAJA','2023-05-24 18:25:47','ABIERTA','3cm',1),(759,'PLANTA BAJA','2023-05-24 18:25:48','ABIERTA','3cm',1),(760,'PLANTA BAJA','2023-05-24 18:25:48','ABIERTA','3cm',1),(761,'PLANTA BAJA','2023-05-24 18:25:48','ABIERTA','3cm',1),(762,'PLANTA BAJA','2023-05-24 18:25:49','ABIERTA','3cm',1),(763,'PLANTA BAJA','2023-05-24 18:25:49','ABIERTA','3cm',1),(764,'PLANTA BAJA','2023-05-24 18:25:49','ABIERTA','3cm',1),(765,'PLANTA BAJA','2023-05-24 18:25:50','ABIERTA','3cm',1),(766,'PLANTA BAJA','2023-05-24 18:25:50','ABIERTA','3cm',1),(767,'PLANTA BAJA','2023-05-24 18:25:50','ABIERTA','3cm',1),(768,'PLANTA BAJA','2023-05-24 18:25:51','ABIERTA','3cm',1),(769,'PLANTA BAJA','2023-05-24 18:25:51','ABIERTA','3cm',1),(770,'PLANTA BAJA','2023-05-24 18:25:51','ABIERTA','3cm',1),(771,'PLANTA BAJA','2023-05-24 18:25:52','ABIERTA','3cm',1),(772,'SUBIENDO','2023-05-24 18:25:52','CERRADA','3cm',1),(773,'SUBIENDO','2023-05-24 18:25:53','CERRADA','4cm',1),(774,'SUBIENDO','2023-05-24 18:25:55','CERRADA','4cm',1),(775,'SUBIENDO','2023-05-24 18:25:56','CERRADA','5cm',1),(776,'DETENIDO','2023-05-24 18:25:57','CERRADA','5cm',1),(777,'DETENIDO','2023-05-24 18:25:58','CERRADA','5cm',1),(778,'SUBIENDO','2023-05-24 18:26:09','CERRADA','5cm',1),(779,'SUBIENDO','2023-05-24 18:26:11','CERRADA','6cm',1),(780,'SUBIENDO','2023-05-24 18:26:13','CERRADA','6cm',1),(781,'SUBIENDO','2023-05-24 18:26:15','CERRADA','7cm',1),(782,'SUBIENDO','2023-05-24 18:26:18','CERRADA','7cm',1),(783,'SUBIENDO','2023-05-24 18:26:20','CERRADA','8cm',1),(784,'SUBIENDO','2023-05-24 18:26:22','CERRADA','8cm',1),(785,'PISO 1','2023-05-24 18:26:24','CERRADA','10cm',1),(786,'PISO 1','2023-05-24 18:26:26','CERRADA','10cm',1),(787,'PISO 1','2023-05-24 18:26:27','CERRADA','10cm',1),(788,'PISO 1','2023-05-24 18:26:28','CERRADA','10cm',1),(789,'PISO 1','2023-05-24 18:26:30','CERRADA','10cm',1),(790,'PISO 1','2023-05-24 18:26:31','CERRADA','10cm',1),(791,'PISO 1','2023-05-24 18:26:32','CERRADA','10cm',1),(792,'PISO 1','2023-05-24 18:26:36','CERRADA','10cm',1),(793,'PISO 1','2023-05-24 18:26:36','CERRADA','10cm',1),(794,'PISO 1','2023-05-24 18:26:37','ABIERTA','10cm',1),(795,'PISO 1','2023-05-24 18:26:38','ABIERTA','10cm',1),(796,'PISO 1','2023-05-24 18:26:40','ABIERTA','10cm',1),(797,'PISO 1','2023-05-24 18:26:41','ABIERTA','10cm',1),(798,'PISO 1','2023-05-24 18:26:44','ABIERTA','10cm',1),(799,'PISO 1','2023-05-24 18:26:44','ABIERTA','10cm',1),(800,'PISO 1','2023-05-24 18:26:46','CERRADA','10cm',1),(801,'PISO 1','2023-05-24 18:26:47','CERRADA','10cm',1),(802,'PISO 1','2023-05-24 18:26:48','CERRADA','10cm',1),(803,'PISO 1','2023-05-24 18:26:50','CERRADA','10cm',1),(804,'PISO 1','2023-05-24 18:26:51','CERRADA','10cm',1),(805,'SUBIENDO','2023-05-24 18:26:56','CERRADA','9cm',1),(806,'SUBIENDO','2023-05-24 18:26:57','CERRADA','10c',1),(807,'SUBIENDO','2023-05-24 18:26:58','CERRADA','10c',1),(808,'SUBIENDO','2023-05-24 18:26:59','CERRADA','10c',1),(809,'BAJANDO','2023-05-24 18:27:06','ABIERTA','10c',1),(810,'BAJANDO','2023-05-24 18:27:07','ABIERTA','10c',1),(811,'BAJANDO','2023-05-24 18:27:08','ABIERTA','10c',1),(812,'BAJANDO','2023-05-24 18:27:10','ABIERTA','10c',1),(813,'BAJANDO','2023-05-24 18:27:11','ABIERTA','9cm',1),(814,'BAJANDO','2023-05-24 18:27:12','ABIERTA','9cm',1),(815,'CONTINUA','2023-05-24 18:27:16','ABIERTA','9cm',1),(816,'SUBIENDO','2023-05-24 18:27:16','CERRADA','9cm',1),(817,'PISO 1','2023-05-24 18:27:16','ABIERTA','10cm',1),(818,'PISO 1','2023-05-24 18:27:17','ABIERTA','10cm',1),(819,'PISO 1','2023-05-24 18:27:17','ABIERTA','10cm',1),(820,'PISO 1','2023-05-24 18:27:17','ABIERTA','10cm',1),(821,'PISO 1','2023-05-24 18:27:18','ABIERTA','10cm',1),(822,'PISO 1','2023-05-24 18:27:18','ABIERTA','10cm',1),(823,'PISO 1','2023-05-24 18:27:18','ABIERTA','10cm',1),(824,'PISO 1','2023-05-24 18:27:19','ABIERTA','10cm',1),(825,'PISO 1','2023-05-24 18:27:19','ABIERTA','10cm',1),(826,'PISO 1','2023-05-24 18:27:19','ABIERTA','10cm',1),(827,'PISO 1','2023-05-24 18:27:20','ABIERTA','10cm',1),(828,'PISO 1','2023-05-24 18:27:20','ABIERTA','10cm',1),(829,'PISO 1','2023-05-24 18:27:20','ABIERTA','10cm',1),(830,'PISO 1','2023-05-24 18:27:21','ABIERTA','10cm',1),(831,'PISO 1','2023-05-24 18:27:21','ABIERTA','10cm',1),(832,'PISO 1','2023-05-24 18:27:21','ABIERTA','10cm',1),(833,'PISO 1','2023-05-24 18:27:22','ABIERTA','10cm',1),(834,'PISO 1','2023-05-24 18:27:22','ABIERTA','10cm',1),(835,'PISO 1','2023-05-24 18:27:23','ABIERTA','10cm',1),(836,'PISO 1','2023-05-24 18:27:23','ABIERTA','10cm',1),(837,'PISO 1','2023-05-24 18:27:23','ABIERTA','10cm',1),(838,'PISO 1','2023-05-24 18:27:24','ABIERTA','10cm',1),(839,'PISO 1','2023-05-24 18:27:24','ABIERTA','10cm',1),(840,'PISO 1','2023-05-24 18:27:24','ABIERTA','10cm',1),(841,'PISO 1','2023-05-24 18:27:25','ABIERTA','10cm',1),(842,'PISO 1','2023-05-24 18:27:25','ABIERTA','10cm',1),(843,'PISO 1','2023-05-24 18:27:25','ABIERTA','10cm',1),(844,'PISO 1','2023-05-24 18:27:26','ABIERTA','10cm',1),(845,'PISO 1','2023-05-24 18:27:26','ABIERTA','10cm',1),(846,'PISO 1','2023-05-24 18:27:26','ABIERTA','10cm',1),(847,'PISO 1','2023-05-24 18:27:27','ABIERTA','10cm',1),(848,'PISO 1','2023-05-24 18:27:27','ABIERTA','10cm',1),(849,'PISO 1','2023-05-24 18:27:27','ABIERTA','10cm',1),(850,'PISO 1','2023-05-24 18:27:28','ABIERTA','10cm',1),(851,'PISO 1','2023-05-24 18:27:28','ABIERTA','10cm',1),(852,'PISO 1','2023-05-24 18:27:28','ABIERTA','10cm',1),(853,'PISO 1','2023-05-24 18:27:29','ABIERTA','10cm',1),(854,'PISO 1','2023-05-24 18:27:29','ABIERTA','10cm',1),(855,'PISO 1','2023-05-24 18:27:29','ABIERTA','10cm',1),(856,'PISO 1','2023-05-24 18:27:30','ABIERTA','10cm',1),(857,'PISO 1','2023-05-24 18:27:30','ABIERTA','10cm',1),(858,'PISO 1','2023-05-24 18:27:31','ABIERTA','10cm',1),(859,'PISO 1','2023-05-24 18:27:31','ABIERTA','10cm',1),(860,'PISO 1','2023-05-24 18:27:31','ABIERTA','10cm',1),(861,'PISO 1','2023-05-24 18:27:32','ABIERTA','10cm',1),(862,'PISO 1','2023-05-24 18:27:32','ABIERTA','10cm',1),(863,'PISO 1','2023-05-24 18:27:32','ABIERTA','10cm',1),(864,'PISO 1','2023-05-24 18:27:33','ABIERTA','10cm',1),(865,'PISO 1','2023-05-24 18:27:33','ABIERTA','10cm',1),(866,'PISO 1','2023-05-24 18:27:33','ABIERTA','10cm',1),(867,'PISO 1','2023-05-24 18:27:34','ABIERTA','10cm',1),(868,'PISO 1','2023-05-24 18:27:34','ABIERTA','10cm',1),(869,'PISO 1','2023-05-24 18:27:34','ABIERTA','10cm',1),(870,'PISO 1','2023-05-24 18:27:35','ABIERTA','10cm',1),(871,'PISO 1','2023-05-24 18:27:35','ABIERTA','10cm',1),(872,'DETENIDO','2023-05-24 18:27:35','ABIERTA','10cm',1),(873,'DETENIDO','2023-05-24 18:27:36','ABIERTA','10cm',1),(874,'CONTINUA','2023-05-24 18:27:38','ABIERTA','10cm',1),(875,'DETENIDO','2023-05-24 18:27:47','ABIERTA','10cm',1),(876,'DETENIDO','2023-05-24 18:27:48','ABIERTA','10cm',1),(877,'BAJANDO','2023-05-24 18:28:03','ABIERTA','10c',1),(878,'BAJANDO','2023-05-24 18:28:05','ABIERTA','9cm',1),(879,'BAJANDO','2023-05-24 18:28:07','ABIERTA','8cm',1),(880,'BAJANDO','2023-05-24 18:28:09','ABIERTA','8cm',1),(881,'BAJANDO','2023-05-24 18:28:11','ABIERTA','7cm',1),(882,'BAJANDO','2023-05-24 18:28:14','ABIERTA','7cm',1),(883,'BAJANDO','2023-05-24 18:28:16','ABIERTA','6cm',1),(884,'BAJANDO','2023-05-24 18:28:18','ABIERTA','5cm',1),(885,'BAJANDO','2023-05-24 18:28:20','ABIERTA','5cm',1),(886,'BAJANDO','2023-05-24 18:28:24','ABIERTA','4cm',1),(887,'BAJANDO','2023-05-24 18:28:25','ABIERTA','4cm',1),(888,'PLANTA BAJA','2023-05-24 18:28:27','CERRADA','3cm',1),(889,'PLANTA BAJA','2023-05-24 18:28:28','CERRADA','3cm',1),(890,'PLANTA BAJA','2023-05-24 18:28:30','CERRADA','3cm',1),(891,'PLANTA BAJA','2023-05-24 18:28:31','CERRADA','3cm',1),(892,'PLANTA BAJA','2023-05-24 18:28:32','CERRADA','3cm',1),(893,'PLANTA BAJA','2023-05-24 18:28:35','CERRADA','3cm',1),(894,'SUBIENDO','2023-05-24 18:28:42','CERRADA','3cm',1),(895,'SUBIENDO','2023-05-24 18:28:44','CERRADA','3cm',1),(896,'SUBIENDO','2023-05-24 18:28:45','CERRADA','4cm',1),(897,'SUBIENDO','2023-05-24 18:28:52','ABIERTA','4cm',1),(898,'SUBIENDO','2023-05-24 18:28:53','ABIERTA','3cm',1),(899,'BAJANDO','2023-05-24 18:29:00','CERRADA','4cm',1),(900,'BAJANDO','2023-05-24 18:29:01','CERRADA','4cm',1),(901,'BAJANDO','2023-05-24 18:29:02','CERRADA','3cm',1),(902,'BAJANDO','2023-05-24 18:29:04','CERRADA','4cm',1),(903,'CONTINUA','2023-05-24 18:29:09','CERRADA','3cm',1),(904,'PLANTA BAJA','2023-05-24 18:29:09','ABIERTA','3cm',1),(905,'PLANTA BAJA','2023-05-24 18:29:09','ABIERTA','3cm',1),(906,'PLANTA BAJA','2023-05-24 18:29:09','ABIERTA','3cm',1),(907,'PLANTA BAJA','2023-05-24 18:29:09','ABIERTA','3cm',1),(908,'PLANTA BAJA','2023-05-24 18:29:10','ABIERTA','3cm',1),(909,'PLANTA BAJA','2023-05-24 18:29:10','ABIERTA','3cm',1),(910,'PLANTA BAJA','2023-05-24 18:29:10','ABIERTA','3cm',1),(911,'PLANTA BAJA','2023-05-24 18:29:11','ABIERTA','3cm',1),(912,'PLANTA BAJA','2023-05-24 18:29:11','ABIERTA','3cm',1),(913,'PLANTA BAJA','2023-05-24 18:29:11','ABIERTA','3cm',1),(914,'PLANTA BAJA','2023-05-24 18:29:12','ABIERTA','3cm',1),(915,'PLANTA BAJA','2023-05-24 18:29:12','ABIERTA','3cm',1),(916,'PLANTA BAJA','2023-05-24 18:29:13','ABIERTA','3cm',1),(917,'PLANTA BAJA','2023-05-24 18:29:13','ABIERTA','3cm',1),(918,'PLANTA BAJA','2023-05-24 18:30:48','ABIERTA','3cm',1),(919,'PLANTA BAJA','2023-05-24 18:30:48','ABIERTA','3cm',1),(920,'PLANTA BAJA','2023-05-24 18:30:49','ABIERTA','3cm',1),(921,'PLANTA BAJA','2023-05-24 18:30:49','ABIERTA','3cm',1),(922,'PLANTA BAJA','2023-05-24 18:30:49','ABIERTA','3cm',1),(923,'PLANTA BAJA','2023-05-24 18:30:50','ABIERTA','3cm',1),(924,'PLANTA BAJA','2023-05-24 18:30:50','ABIERTA','3cm',1),(925,'PLANTA BAJA','2023-05-24 18:30:51','ABIERTA','3cm',1),(926,'PLANTA BAJA','2023-05-24 18:30:51','ABIERTA','3cm',1),(927,'DETENIDO','2023-05-24 18:30:51','ABIERTA','3cm',1),(928,'DETENIDO','2023-05-24 18:30:52','ABIERTA','3cm',1),(929,'SUBIENDO','2023-05-24 18:31:11','CERRADA','3cm',1),(930,'SUBIENDO','2023-05-24 18:31:12','CERRADA','3cm',1),(931,'SUBIENDO','2023-05-24 18:31:13','CERRADA','4cm',1),(932,'SUBIENDO','2023-05-24 18:31:14','CERRADA','3cm',1),(933,'SUBIENDO','2023-05-24 18:31:15','CERRADA','4cm',1),(934,'SUBIENDO','2023-05-24 18:31:16','CERRADA','4cm',1),(935,'CONTINUA','2023-05-24 18:31:23','CERRADA','4cm',1),(936,'BAJANDO','2023-05-24 18:31:34','CERRADA','4cm',1),(937,'PLANTA BAJA','2023-05-24 18:31:36','ABIERTA','3cm',1),(938,'PLANTA BAJA','2023-05-24 18:31:36','ABIERTA','3cm',1),(939,'PLANTA BAJA','2023-05-24 18:31:36','ABIERTA','3cm',1),(940,'PLANTA BAJA','2023-05-24 18:31:37','ABIERTA','3cm',1),(941,'PLANTA BAJA','2023-05-24 18:31:37','ABIERTA','3cm',1),(942,'PLANTA BAJA','2023-05-24 18:31:37','ABIERTA','3cm',1),(943,'PLANTA BAJA','2023-05-24 18:31:38','ABIERTA','3cm',1),(944,'PLANTA BAJA','2023-05-24 18:31:38','ABIERTA','3cm',1),(945,'PLANTA BAJA','2023-05-24 18:31:38','ABIERTA','3cm',1),(946,'PLANTA BAJA','2023-05-24 18:31:39','ABIERTA','3cm',1),(947,'DETENIDO','2023-05-24 18:31:39','ABIERTA','3cm',1),(948,'DETENIDO','2023-05-24 18:31:40','ABIERTA','3cm',1),(949,'SUBIENDO','2023-05-24 18:31:49','ABIERTA','3cm',1),(950,'SUBIENDO','2023-05-24 18:31:51','ABIERTA','4cm',1),(951,'SUBIENDO','2023-05-24 18:31:54','ABIERTA','5cm',1),(952,'SUBIENDO','2023-05-24 18:31:56','ABIERTA','5cm',1),(953,'SUBIENDO','2023-05-24 18:31:58','ABIERTA','6cm',1),(954,'SUBIENDO','2023-05-24 18:32:00','ABIERTA','6cm',1),(955,'SUBIENDO','2023-05-24 18:32:02','ABIERTA','7cm',1),(956,'SUBIENDO','2023-05-24 18:32:05','ABIERTA','8cm',1),(957,'SUBIENDO','2023-05-24 18:32:07','ABIERTA','8cm',1),(958,'SUBIENDO','2023-05-24 18:32:09','ABIERTA','9cm',1),(959,'PISO 1','2023-05-24 18:32:11','ABIERTA','10cm',1),(960,'PISO 1','2023-05-24 18:32:13','ABIERTA','10cm',1),(961,'PISO 1','2023-05-24 18:32:14','ABIERTA','10cm',1),(962,'PISO 1','2023-05-24 18:32:15','ABIERTA','10cm',1),(963,'PISO 1','2023-05-24 18:32:17','ABIERTA','10cm',1),(964,'PISO 1','2023-05-24 18:32:19','ABIERTA','10cm',1),(965,'BAJANDO','2023-05-24 18:32:22','ABIERTA','10c',1),(966,'BAJANDO','2023-05-24 18:32:23','ABIERTA','9cm',1),(967,'BAJANDO','2023-05-24 18:32:24','ABIERTA','9cm',1),(968,'BAJANDO','2023-05-24 18:32:25','ABIERTA','9cm',1),(969,'BAJANDO','2023-05-24 18:32:26','ABIERTA','9cm',1),(970,'BAJANDO','2023-05-24 18:32:28','ABIERTA','8cm',1),(971,'BAJANDO','2023-05-24 18:32:28','ABIERTA','8cm',1),(972,'BAJANDO','2023-05-24 18:32:29','ABIERTA','8cm',1),(973,'SUBIENDO','2023-05-24 18:32:48','CERRADA','8cm',1),(974,'SUBIENDO','2023-05-24 18:32:49','CERRADA','8cm',1),(975,'SUBIENDO','2023-05-24 18:32:50','CERRADA','8cm',1),(976,'SUBIENDO','2023-05-24 18:32:51','CERRADA','8cm',1),(977,'SUBIENDO','2023-05-24 18:32:52','CERRADA','9cm',1),(978,'SUBIENDO','2023-05-24 18:32:54','CERRADA','9cm',1),(979,'PISO 1','2023-05-24 18:32:56','CERRADA','10cm',1),(980,'PISO 1','2023-05-24 18:32:58','CERRADA','10cm',1),(981,'PISO 1','2023-05-24 18:33:01','CERRADA','10cm',1),(982,'PISO 1','2023-05-24 18:33:01','CERRADA','10cm',1),(983,'CONTINUA','2023-05-24 18:33:02','CERRADA','10cm',1),(984,'PISO 1','2023-05-24 18:33:04','ABIERTA','10cm',1),(985,'PISO 1','2023-05-24 18:33:04','ABIERTA','10cm',1),(986,'PISO 1','2023-05-24 18:33:05','ABIERTA','10cm',1),(987,'PISO 1','2023-05-24 18:33:05','ABIERTA','10cm',1),(988,'PISO 1','2023-05-24 18:33:05','ABIERTA','10cm',1),(989,'PISO 1','2023-05-24 18:33:06','ABIERTA','10cm',1),(990,'PISO 1','2023-05-24 18:33:06','ABIERTA','10cm',1),(991,'PISO 1','2023-05-24 18:33:06','ABIERTA','10cm',1),(992,'PISO 1','2023-05-24 18:33:07','ABIERTA','10cm',1),(993,'PISO 1','2023-05-24 18:33:07','ABIERTA','10cm',1),(994,'PISO 1','2023-05-24 18:33:07','ABIERTA','10cm',1),(995,'PISO 1','2023-05-24 18:33:08','ABIERTA','10cm',1),(996,'PISO 1','2023-05-24 18:33:08','ABIERTA','10cm',1),(997,'PISO 1','2023-05-24 18:33:08','ABIERTA','10cm',1),(998,'PISO 1','2023-05-24 18:33:09','ABIERTA','10cm',1),(999,'PISO 1','2023-05-24 18:33:09','ABIERTA','10cm',1),(1000,'PISO 1','2023-05-24 18:33:09','ABIERTA','10cm',1),(1001,'PISO 1','2023-05-24 18:33:10','ABIERTA','10cm',1),(1002,'PISO 1','2023-05-24 18:33:10','ABIERTA','10cm',1),(1003,'PISO 1','2023-05-24 18:33:10','ABIERTA','10cm',1),(1004,'PISO 1','2023-05-24 18:33:11','ABIERTA','10cm',1),(1005,'PISO 1','2023-05-24 18:33:11','ABIERTA','10cm',1),(1006,'PISO 1','2023-05-24 18:33:11','ABIERTA','10cm',1),(1007,'PISO 1','2023-05-24 18:33:12','ABIERTA','10cm',1),(1008,'PISO 1','2023-05-24 18:33:12','ABIERTA','10cm',1),(1009,'PISO 1','2023-05-24 18:33:13','ABIERTA','10cm',1),(1010,'PISO 1','2023-05-24 18:33:13','ABIERTA','10cm',1),(1011,'PISO 1','2023-05-24 18:33:13','ABIERTA','10cm',1),(1012,'PISO 1','2023-05-24 18:33:14','ABIERTA','10cm',1),(1013,'PISO 1','2023-05-24 18:33:14','ABIERTA','10cm',1),(1014,'PISO 1','2023-05-24 18:33:14','ABIERTA','10cm',1),(1015,'PISO 1','2023-05-24 18:33:15','ABIERTA','10cm',1),(1016,'PISO 1','2023-05-24 18:33:15','ABIERTA','10cm',1),(1017,'PISO 1','2023-05-24 18:33:15','ABIERTA','10cm',1),(1018,'PISO 1','2023-05-24 18:33:16','ABIERTA','10cm',1),(1019,'PISO 1','2023-05-24 18:33:16','ABIERTA','10cm',1),(1020,'PISO 1','2023-05-24 18:33:16','ABIERTA','10cm',1),(1021,'PISO 1','2023-05-24 18:33:17','ABIERTA','10cm',1),(1022,'PISO 1','2023-05-24 18:33:17','ABIERTA','10cm',1),(1023,'PISO 1','2023-05-24 18:33:17','ABIERTA','10cm',1),(1024,'PISO 1','2023-05-24 18:33:18','ABIERTA','10cm',1),(1025,'PISO 1','2023-05-24 18:33:18','ABIERTA','10cm',1),(1026,'PISO 1','2023-05-24 18:33:18','ABIERTA','10cm',1),(1027,'PISO 1','2023-05-24 18:33:19','ABIERTA','10cm',1),(1028,'PISO 1','2023-05-24 18:33:19','ABIERTA','10cm',1),(1029,'PISO 1','2023-05-24 18:33:19','ABIERTA','10cm',1),(1030,'PISO 1','2023-05-24 18:33:20','ABIERTA','10cm',1),(1031,'PISO 1','2023-05-24 18:33:20','ABIERTA','10cm',1),(1032,'PISO 1','2023-05-24 18:33:21','ABIERTA','10cm',1),(1033,'PISO 1','2023-05-24 18:33:21','ABIERTA','10cm',1),(1034,'PISO 1','2023-05-24 18:33:21','ABIERTA','10cm',1),(1035,'PISO 1','2023-05-24 18:33:22','ABIERTA','10cm',1),(1036,'PISO 1','2023-05-24 18:33:22','ABIERTA','10cm',1),(1037,'PISO 1','2023-05-24 18:33:22','ABIERTA','10cm',1),(1038,'PISO 1','2023-05-24 18:33:23','ABIERTA','10cm',1),(1039,'PISO 1','2023-05-24 18:33:23','ABIERTA','10cm',1),(1040,'PISO 1','2023-05-24 18:33:23','ABIERTA','10cm',1),(1041,'PISO 1','2023-05-24 18:33:24','ABIERTA','10cm',1),(1042,'PISO 1','2023-05-24 18:33:24','ABIERTA','10cm',1),(1043,'PISO 1','2023-05-24 18:33:24','ABIERTA','10cm',1),(1044,'PISO 1','2023-05-24 18:33:25','ABIERTA','10cm',1),(1045,'PISO 1','2023-05-24 18:33:25','ABIERTA','10cm',1),(1046,'PISO 1','2023-05-24 18:33:25','ABIERTA','10cm',1),(1047,'PISO 1','2023-05-24 18:33:26','ABIERTA','10cm',1),(1048,'PISO 1','2023-05-24 18:33:26','ABIERTA','10cm',1),(1049,'PISO 1','2023-05-24 18:33:26','ABIERTA','10cm',1),(1050,'PISO 1','2023-05-24 18:33:27','ABIERTA','10cm',1),(1051,'PISO 1','2023-05-24 18:33:27','ABIERTA','10cm',1),(1052,'PISO 1','2023-05-24 18:33:27','ABIERTA','10cm',1),(1053,'PISO 1','2023-05-24 18:33:28','ABIERTA','10cm',1),(1054,'PISO 1','2023-05-24 18:33:28','ABIERTA','10cm',1),(1055,'PISO 1','2023-05-24 18:33:29','ABIERTA','10cm',1),(1056,'PISO 1','2023-05-24 18:33:29','ABIERTA','10cm',1),(1057,'PISO 1','2023-05-24 18:33:29','ABIERTA','10cm',1),(1058,'PISO 1','2023-05-24 18:33:30','ABIERTA','10cm',1),(1059,'PISO 1','2023-05-24 18:33:30','ABIERTA','10cm',1),(1060,'PISO 1','2023-05-24 18:33:30','ABIERTA','10cm',1),(1061,'PISO 1','2023-05-24 18:33:31','ABIERTA','10cm',1),(1062,'PISO 1','2023-05-24 18:33:31','ABIERTA','10cm',1),(1063,'PISO 1','2023-05-24 18:33:31','ABIERTA','10cm',1),(1064,'PISO 1','2023-05-24 18:33:32','ABIERTA','10cm',1),(1065,'PISO 1','2023-05-24 18:33:32','ABIERTA','10cm',1),(1066,'PISO 1','2023-05-24 18:33:32','ABIERTA','10cm',1),(1067,'PISO 1','2023-05-24 18:33:33','ABIERTA','10cm',1),(1068,'PISO 1','2023-05-24 18:33:33','ABIERTA','10cm',1),(1069,'PISO 1','2023-05-24 18:33:33','ABIERTA','10cm',1),(1070,'PISO 1','2023-05-24 18:33:34','ABIERTA','10cm',1),(1071,'PISO 1','2023-05-24 18:33:34','ABIERTA','10cm',1),(1072,'PISO 1','2023-05-24 18:33:34','ABIERTA','10cm',1),(1073,'PISO 1','2023-05-24 18:33:35','ABIERTA','10cm',1),(1074,'PISO 1','2023-05-24 18:33:35','ABIERTA','10cm',1),(1075,'PISO 1','2023-05-24 18:33:35','ABIERTA','10cm',1),(1076,'PISO 1','2023-05-24 18:33:36','ABIERTA','10cm',1),(1077,'PISO 1','2023-05-24 18:33:36','ABIERTA','10cm',1),(1078,'PISO 1','2023-05-24 18:33:37','ABIERTA','10cm',1),(1079,'PISO 1','2023-05-24 18:33:37','ABIERTA','10cm',1),(1080,'PISO 1','2023-05-24 18:33:37','ABIERTA','10cm',1),(1081,'PISO 1','2023-05-24 18:33:38','ABIERTA','10cm',1),(1082,'PISO 1','2023-05-24 18:33:38','ABIERTA','10cm',1),(1083,'PISO 1','2023-05-24 18:33:38','ABIERTA','10cm',1),(1084,'PISO 1','2023-05-24 18:33:39','ABIERTA','10cm',1),(1085,'PISO 1','2023-05-24 18:33:39','ABIERTA','10cm',1),(1086,'PISO 1','2023-05-24 18:33:39','ABIERTA','10cm',1),(1087,'PISO 1','2023-05-24 18:33:40','ABIERTA','10cm',1),(1088,'PISO 1','2023-05-24 18:33:40','ABIERTA','10cm',1),(1089,'PISO 1','2023-05-24 18:33:40','ABIERTA','10cm',1),(1090,'PISO 1','2023-05-24 18:33:41','ABIERTA','10cm',1),(1091,'PISO 1','2023-05-24 18:33:41','ABIERTA','10cm',1),(1092,'PISO 1','2023-05-24 18:33:41','ABIERTA','10cm',1),(1093,'PISO 1','2023-05-24 18:33:42','ABIERTA','10cm',1),(1094,'PISO 1','2023-05-24 18:33:42','ABIERTA','10cm',1),(1095,'PISO 1','2023-05-24 18:33:42','ABIERTA','10cm',1),(1096,'PISO 1','2023-05-24 18:33:43','ABIERTA','10cm',1),(1097,'PISO 1','2023-05-24 18:33:43','ABIERTA','10cm',1),(1098,'PISO 1','2023-05-24 18:33:43','ABIERTA','10cm',1),(1099,'PISO 1','2023-05-24 18:33:44','ABIERTA','10cm',1),(1100,'PISO 1','2023-05-24 18:33:44','ABIERTA','10cm',1),(1101,'PISO 1','2023-05-24 18:33:44','ABIERTA','10cm',1),(1102,'PISO 1','2023-05-24 18:33:45','ABIERTA','10cm',1),(1103,'PISO 1','2023-05-24 18:33:45','ABIERTA','10cm',1),(1104,'PISO 1','2023-05-24 18:33:46','ABIERTA','10cm',1),(1105,'PISO 1','2023-05-24 18:33:46','ABIERTA','10cm',1),(1106,'PISO 1','2023-05-24 18:33:46','ABIERTA','10cm',1),(1107,'PISO 1','2023-05-24 18:33:47','ABIERTA','10cm',1),(1108,'PISO 1','2023-05-24 18:33:47','ABIERTA','10cm',1),(1109,'PISO 1','2023-05-24 18:33:47','ABIERTA','10cm',1),(1110,'PISO 1','2023-05-24 18:33:48','ABIERTA','10cm',1),(1111,'PISO 1','2023-05-24 18:33:48','ABIERTA','10cm',1),(1112,'PISO 1','2023-05-24 18:33:48','ABIERTA','10cm',1),(1113,'PISO 1','2023-05-24 18:33:49','ABIERTA','10cm',1),(1114,'PISO 1','2023-05-24 18:33:49','ABIERTA','10cm',1),(1115,'PISO 1','2023-05-24 18:33:49','ABIERTA','10cm',1),(1116,'PISO 1','2023-05-24 18:33:50','ABIERTA','10cm',1),(1117,'PISO 1','2023-05-24 18:33:50','ABIERTA','10cm',1),(1118,'PISO 1','2023-05-24 18:33:50','ABIERTA','10cm',1),(1119,'PISO 1','2023-05-24 18:33:51','ABIERTA','10cm',1),(1120,'PISO 1','2023-05-24 18:33:51','ABIERTA','10cm',1),(1121,'PISO 1','2023-05-24 18:33:51','ABIERTA','10cm',1),(1122,'PISO 1','2023-05-24 18:33:52','ABIERTA','10cm',1),(1123,'PISO 1','2023-05-24 18:33:52','ABIERTA','10cm',1),(1124,'PISO 1','2023-05-24 18:33:52','ABIERTA','10cm',1),(1125,'PISO 1','2023-05-24 18:33:53','ABIERTA','10cm',1),(1126,'PISO 1','2023-05-24 18:33:53','ABIERTA','10cm',1),(1127,'PISO 1','2023-05-24 18:33:54','ABIERTA','10cm',1),(1128,'PISO 1','2023-05-24 18:33:54','ABIERTA','10cm',1),(1129,'PISO 1','2023-05-24 18:33:54','ABIERTA','10cm',1),(1130,'PISO 1','2023-05-24 18:33:55','ABIERTA','10cm',1),(1131,'PISO 1','2023-05-24 18:33:55','ABIERTA','10cm',1),(1132,'PISO 1','2023-05-24 18:33:55','ABIERTA','10cm',1),(1133,'PISO 1','2023-05-24 18:33:56','ABIERTA','10cm',1),(1134,'PISO 1','2023-05-24 18:33:56','ABIERTA','10cm',1),(1135,'PISO 1','2023-05-24 18:33:56','ABIERTA','10cm',1),(1136,'PISO 1','2023-05-24 18:33:57','ABIERTA','10cm',1),(1137,'PISO 1','2023-05-24 18:33:57','ABIERTA','10cm',1),(1138,'PISO 1','2023-05-24 18:33:57','ABIERTA','10cm',1),(1139,'PISO 1','2023-05-24 18:33:58','ABIERTA','10cm',1),(1140,'PISO 1','2023-05-24 18:33:58','ABIERTA','10cm',1),(1141,'PISO 1','2023-05-24 18:33:58','ABIERTA','10cm',1),(1142,'PISO 1','2023-05-24 18:33:59','ABIERTA','10cm',1),(1143,'PISO 1','2023-05-24 18:33:59','ABIERTA','10cm',1),(1144,'PISO 1','2023-05-24 18:33:59','ABIERTA','10cm',1),(1145,'PISO 1','2023-05-24 18:34:00','ABIERTA','10cm',1),(1146,'PISO 1','2023-05-24 18:34:00','ABIERTA','10cm',1),(1147,'PISO 1','2023-05-24 18:34:00','ABIERTA','10cm',1),(1148,'PISO 1','2023-05-24 18:34:01','ABIERTA','10cm',1),(1149,'PISO 1','2023-05-24 18:34:01','ABIERTA','10cm',1),(1150,'PISO 1','2023-05-24 18:34:02','ABIERTA','10cm',1),(1151,'PISO 1','2023-05-24 18:34:02','ABIERTA','10cm',1),(1152,'PISO 1','2023-05-24 18:34:02','ABIERTA','10cm',1),(1153,'PISO 1','2023-05-24 18:34:03','ABIERTA','10cm',1),(1154,'PISO 1','2023-05-24 18:34:03','ABIERTA','10cm',1),(1155,'PISO 1','2023-05-24 18:34:03','ABIERTA','10cm',1),(1156,'PISO 1','2023-05-24 18:34:04','ABIERTA','10cm',1),(1157,'PISO 1','2023-05-24 18:34:04','ABIERTA','10cm',1),(1158,'PISO 1','2023-05-24 18:34:04','ABIERTA','10cm',1),(1159,'PISO 1','2023-05-24 18:34:05','ABIERTA','10cm',1),(1160,'PISO 1','2023-05-24 18:34:05','ABIERTA','10cm',1),(1161,'PISO 1','2023-05-24 18:34:05','ABIERTA','10cm',1),(1162,'PISO 1','2023-05-24 18:34:06','ABIERTA','10cm',1),(1163,'PISO 1','2023-05-24 18:34:06','ABIERTA','10cm',1),(1164,'PISO 1','2023-05-24 18:34:06','ABIERTA','10cm',1),(1165,'PISO 1','2023-05-24 18:34:07','ABIERTA','10cm',1),(1166,'PISO 1','2023-05-24 18:34:07','ABIERTA','10cm',1),(1167,'PISO 1','2023-05-24 18:34:07','ABIERTA','10cm',1),(1168,'PISO 1','2023-05-24 18:34:08','ABIERTA','10cm',1),(1169,'PISO 1','2023-05-24 18:34:08','ABIERTA','10cm',1),(1170,'PISO 1','2023-05-24 18:34:08','ABIERTA','10cm',1),(1171,'PISO 1','2023-05-24 18:34:09','ABIERTA','10cm',1),(1172,'PISO 1','2023-05-24 18:34:09','ABIERTA','10cm',1),(1173,'PISO 1','2023-05-24 18:34:10','ABIERTA','10cm',1),(1174,'PISO 1','2023-05-24 18:34:10','ABIERTA','10cm',1),(1175,'PISO 1','2023-05-24 18:34:10','ABIERTA','10cm',1),(1176,'PISO 1','2023-05-24 18:34:11','ABIERTA','10cm',1),(1177,'PISO 1','2023-05-24 18:34:11','ABIERTA','10cm',1),(1178,'PISO 1','2023-05-24 18:34:11','ABIERTA','10cm',1),(1179,'PISO 1','2023-05-24 18:34:12','ABIERTA','10cm',1),(1180,'PISO 1','2023-05-24 18:34:12','ABIERTA','10cm',1),(1181,'PISO 1','2023-05-24 18:34:12','ABIERTA','10cm',1),(1182,'PISO 1','2023-05-24 18:34:13','ABIERTA','10cm',1),(1183,'PISO 1','2023-05-24 18:34:13','ABIERTA','10cm',1),(1184,'PISO 1','2023-05-24 18:34:13','ABIERTA','10cm',1),(1185,'PISO 1','2023-05-24 18:34:14','ABIERTA','10cm',1),(1186,'PISO 1','2023-05-24 18:34:14','ABIERTA','10cm',1),(1187,'PISO 1','2023-05-24 18:34:14','ABIERTA','10cm',1),(1188,'PISO 1','2023-05-24 18:34:15','ABIERTA','10cm',1),(1189,'PISO 1','2023-05-24 18:34:15','ABIERTA','10cm',1),(1190,'PISO 1','2023-05-24 18:34:15','ABIERTA','10cm',1),(1191,'PISO 1','2023-05-24 18:34:16','ABIERTA','10cm',1),(1192,'PISO 1','2023-05-24 18:34:16','ABIERTA','10cm',1),(1193,'PISO 1','2023-05-24 18:34:16','ABIERTA','10cm',1),(1194,'PISO 1','2023-05-24 18:34:17','ABIERTA','10cm',1),(1195,'PISO 1','2023-05-24 18:34:17','ABIERTA','10cm',1),(1196,'PISO 1','2023-05-24 18:34:18','ABIERTA','10cm',1),(1197,'PISO 1','2023-05-24 18:34:18','ABIERTA','10cm',1),(1198,'PISO 1','2023-05-24 18:34:18','ABIERTA','10cm',1),(1199,'PISO 1','2023-05-24 18:34:19','ABIERTA','10cm',1),(1200,'PISO 1','2023-05-24 18:34:19','ABIERTA','10cm',1),(1201,'PISO 1','2023-05-24 18:34:19','ABIERTA','10cm',1),(1202,'PISO 1','2023-05-24 18:34:20','ABIERTA','10cm',1),(1203,'PISO 1','2023-05-24 18:34:20','ABIERTA','10cm',1),(1204,'PISO 1','2023-05-24 18:34:20','ABIERTA','10cm',1),(1205,'PISO 1','2023-05-24 18:34:21','ABIERTA','10cm',1),(1206,'PISO 1','2023-05-24 18:34:21','ABIERTA','10cm',1),(1207,'PISO 1','2023-05-24 18:34:21','ABIERTA','10cm',1),(1208,'PISO 1','2023-05-24 18:34:22','ABIERTA','10cm',1),(1209,'PISO 1','2023-05-24 18:34:22','ABIERTA','10cm',1),(1210,'PISO 1','2023-05-24 18:34:22','ABIERTA','10cm',1),(1211,'PISO 1','2023-05-24 18:34:23','ABIERTA','10cm',1),(1212,'PISO 1','2023-05-24 18:34:23','ABIERTA','10cm',1),(1213,'PISO 1','2023-05-24 18:34:23','ABIERTA','10cm',1),(1214,'PISO 1','2023-05-24 18:34:24','ABIERTA','10cm',1),(1215,'PISO 1','2023-05-24 18:34:24','ABIERTA','10cm',1),(1216,'PISO 1','2023-05-24 18:34:24','ABIERTA','10cm',1),(1217,'PISO 1','2023-05-24 18:34:25','ABIERTA','10cm',1),(1218,'PISO 1','2023-05-24 18:34:25','ABIERTA','10cm',1),(1219,'PISO 1','2023-05-24 18:34:26','ABIERTA','10cm',1),(1220,'PISO 1','2023-05-24 18:34:26','ABIERTA','10cm',1),(1221,'PISO 1','2023-05-24 18:34:26','ABIERTA','10cm',1),(1222,'PISO 1','2023-05-24 18:34:27','ABIERTA','10cm',1),(1223,'PISO 1','2023-05-24 18:34:27','ABIERTA','10cm',1),(1224,'PISO 1','2023-05-24 18:34:27','ABIERTA','10cm',1),(1225,'PISO 1','2023-05-24 18:34:28','ABIERTA','10cm',1),(1226,'PISO 1','2023-05-24 18:34:28','ABIERTA','10cm',1),(1227,'PISO 1','2023-05-24 18:34:28','ABIERTA','10cm',1),(1228,'PISO 1','2023-05-24 18:34:29','ABIERTA','10cm',1),(1229,'PISO 1','2023-05-24 18:34:29','ABIERTA','10cm',1),(1230,'PISO 1','2023-05-24 18:34:29','ABIERTA','10cm',1),(1231,'PISO 1','2023-05-24 18:34:30','ABIERTA','10cm',1),(1232,'PISO 1','2023-05-24 18:34:30','ABIERTA','10cm',1),(1233,'PISO 1','2023-05-24 18:34:30','ABIERTA','10cm',1),(1234,'PISO 1','2023-05-24 18:34:31','ABIERTA','10cm',1),(1235,'PISO 1','2023-05-24 18:34:31','ABIERTA','10cm',1),(1236,'PISO 1','2023-05-24 18:34:31','ABIERTA','10cm',1),(1237,'PISO 1','2023-05-24 18:34:32','ABIERTA','10cm',1),(1238,'PISO 1','2023-05-24 18:34:32','ABIERTA','10cm',1),(1239,'PISO 1','2023-05-24 18:34:32','ABIERTA','10cm',1),(1240,'PISO 1','2023-05-24 18:34:33','ABIERTA','10cm',1),(1241,'PISO 1','2023-05-24 18:34:33','ABIERTA','10cm',1),(1242,'PISO 1','2023-05-24 18:34:34','ABIERTA','10cm',1),(1243,'PISO 1','2023-05-24 18:34:34','ABIERTA','10cm',1),(1244,'PISO 1','2023-05-24 18:34:34','ABIERTA','10cm',1),(1245,'PISO 1','2023-05-24 18:34:35','ABIERTA','10cm',1),(1246,'PISO 1','2023-05-24 18:34:35','ABIERTA','10cm',1),(1247,'PISO 1','2023-05-24 18:34:35','ABIERTA','10cm',1),(1248,'PISO 1','2023-05-24 18:34:36','ABIERTA','10cm',1),(1249,'PISO 1','2023-05-24 18:34:36','ABIERTA','10cm',1),(1250,'PISO 1','2023-05-24 18:34:36','ABIERTA','10cm',1),(1251,'PISO 1','2023-05-24 18:34:37','ABIERTA','10cm',1),(1252,'PISO 1','2023-05-24 18:34:37','ABIERTA','10cm',1),(1253,'PISO 1','2023-05-24 18:34:37','ABIERTA','10cm',1),(1254,'PISO 1','2023-05-24 18:34:38','ABIERTA','10cm',1),(1255,'PISO 1','2023-05-24 18:34:38','ABIERTA','10cm',1),(1256,'PISO 1','2023-05-24 18:34:38','ABIERTA','10cm',1),(1257,'PISO 1','2023-05-24 18:34:39','ABIERTA','10cm',1),(1258,'PISO 1','2023-05-24 18:34:39','ABIERTA','10cm',1),(1259,'PISO 1','2023-05-24 18:34:39','ABIERTA','10cm',1),(1260,'PISO 1','2023-05-24 18:34:40','ABIERTA','10cm',1),(1261,'PISO 1','2023-05-24 18:34:40','ABIERTA','10cm',1),(1262,'PISO 1','2023-05-24 18:34:40','ABIERTA','10cm',1),(1263,'PISO 1','2023-05-24 18:34:41','ABIERTA','10cm',1),(1264,'PISO 1','2023-05-24 18:34:41','ABIERTA','10cm',1),(1265,'PISO 1','2023-05-24 18:34:42','ABIERTA','10cm',1),(1266,'PISO 1','2023-05-24 18:34:42','ABIERTA','10cm',1),(1267,'PISO 1','2023-05-24 18:34:42','ABIERTA','10cm',1),(1268,'PISO 1','2023-05-24 18:34:43','ABIERTA','10cm',1),(1269,'PISO 1','2023-05-24 18:34:43','ABIERTA','10cm',1),(1270,'PISO 1','2023-05-24 18:34:43','ABIERTA','10cm',1),(1271,'PISO 1','2023-05-24 18:34:44','ABIERTA','10cm',1);
/*!40000 ALTER TABLE `posicion` ENABLE KEYS */;
UNLOCK TABLES;
/*!40103 SET TIME_ZONE=@OLD_TIME_ZONE */;

/*!40101 SET SQL_MODE=@OLD_SQL_MODE */;
/*!40014 SET FOREIGN_KEY_CHECKS=@OLD_FOREIGN_KEY_CHECKS */;
/*!40014 SET UNIQUE_CHECKS=@OLD_UNIQUE_CHECKS */;
/*!40101 SET CHARACTER_SET_CLIENT=@OLD_CHARACTER_SET_CLIENT */;
/*!40101 SET CHARACTER_SET_RESULTS=@OLD_CHARACTER_SET_RESULTS */;
/*!40101 SET COLLATION_CONNECTION=@OLD_COLLATION_CONNECTION */;
/*!40111 SET SQL_NOTES=@OLD_SQL_NOTES */;

-- Dump completed on 2023-05-24 21:12:56
